year,county,candidate,party,candidatevotes
2000,Adams,Al Gore,democrat,12197.0
2000,Adams,George W. Bush,republican,17331.0
2000,Alexander,Al Gore,democrat,2357.0
2000,Alexander,George W. Bush,republican,1588.0
2000,Bond,Al Gore,democrat,3060.0
2000,Bond,George W. Bush,republican,3804.0
2000,Boone,Al Gore,democrat,6481.0
2000,Boone,George W. Bush,republican,8617.0
2000,Brown,Al Gore,democrat,1077.0
2000,Brown,George W. Bush,republican,1529.0
2000,Bureau,Al Gore,democrat,7754.0
2000,Bureau,George W. Bush,republican,8526.0
2000,Calhoun,Al Gore,democrat,1310.0
2000,Calhoun,George W. Bush,republican,1229.0
2000,Carroll,Al Gore,democrat,3113.0
2000,Carroll,George W. Bush,republican,3835.0
2000,Cass,Al Gore,democrat,2789.0
2000,Cass,George W. Bush,republican,2968.0
2000,Champaign,Al Gore,democrat,35515.0
2000,Champaign,George W. Bush,republican,34645.0
2000,Christian,Al Gore,democrat,6799.0
2000,Christian,George W. Bush,republican,7537.0
2000,Clark,Al Gore,democrat,2932.0
2000,Clark,George W. Bush,republican,4398.0
2000,Clay,Al Gore,democrat,2212.0
2000,Clay,George W. Bush,republican,3789.0
2000,Clinton,Al Gore,democrat,6436.0
2000,Clinton,George W. Bush,republican,8588.0
2000,Coles,Al Gore,democrat,8904.0
2000,Coles,George W. Bush,republican,10495.0
2000,Cook,Al Gore,democrat,1280547.0
2000,Cook,George W. Bush,republican,534542.0
2000,Crawford,Al Gore,democrat,3333.0
2000,Crawford,George W. Bush,republican,4974.0
2000,Cumberland,Al Gore,democrat,1870.0
2000,Cumberland,George W. Bush,republican,2964.0
2000,DeKalb,Al Gore,democrat,14798.0
2000,DeKalb,George W. Bush,republican,17139.0
2000,De Witt,Al Gore,democrat,2870.0
2000,De Witt,George W. Bush,republican,3968.0
2000,Douglas,Al Gore,democrat,3215.0
2000,Douglas,George W. Bush,republican,4734.0
2000,DuPage,Al Gore,democrat,152550.0
2000,DuPage,George W. Bush,republican,201037.0
2000,Edgar,Al Gore,democrat,3216.0
2000,Edgar,George W. Bush,republican,4833.0
2000,Edwards,Al Gore,democrat,978.0
2000,Edwards,George W. Bush,republican,2212.0
2000,Effingham,Al Gore,democrat,4225.0
2000,Effingham,George W. Bush,republican,9855.0
2000,Fayette,Al Gore,democrat,3886.0
2000,Fayette,George W. Bush,republican,5200.0
2000,Ford,Al Gore,democrat,2090.0
2000,Ford,George W. Bush,republican,3889.0
2000,Franklin,Al Gore,democrat,10201.0
2000,Franklin,George W. Bush,republican,8490.0
2000,Fulton,Al Gore,democrat,8940.0
2000,Fulton,George W. Bush,republican,6936.0
2000,Gallatin,Al Gore,democrat,1878.0
2000,Gallatin,George W. Bush,republican,1591.0
2000,Greene,Al Gore,democrat,2490.0
2000,Greene,George W. Bush,republican,3129.0
2000,Grundy,Al Gore,democrat,7516.0
2000,Grundy,George W. Bush,republican,8709.0
2000,Hamilton,Al Gore,democrat,1943.0
2000,Hamilton,George W. Bush,republican,2519.0
2000,Hancock,Al Gore,democrat,4256.0
2000,Hancock,George W. Bush,republican,5134.0
2000,Hardin,Al Gore,democrat,1184.0
2000,Hardin,George W. Bush,republican,1366.0
2000,Henderson,Al Gore,democrat,2030.0
2000,Henderson,George W. Bush,republican,1708.0
2000,Henry,Al Gore,democrat,11921.0
2000,Henry,George W. Bush,republican,10896.0
2000,Iroquois,Al Gore,democrat,4397.0
2000,Iroquois,George W. Bush,republican,8685.0
2000,Jackson,Al Gore,democrat,11773.0
2000,Jackson,George W. Bush,republican,9823.0
2000,Jasper,Al Gore,democrat,1815.0
2000,Jasper,George W. Bush,republican,3119.0
2000,Jefferson,Al Gore,democrat,6685.0
2000,Jefferson,George W. Bush,republican,8362.0
2000,Jersey,Al Gore,democrat,4355.0
2000,Jersey,George W. Bush,republican,4699.0
2000,Jo Daviess,Al Gore,democrat,4585.0
2000,Jo Daviess,George W. Bush,republican,5304.0
2000,Johnson,Al Gore,democrat,1928.0
2000,Johnson,George W. Bush,republican,3285.0
2000,Kane,Al Gore,democrat,60127.0
2000,Kane,George W. Bush,republican,76996.0
2000,Kankakee,Al Gore,democrat,19180.0
2000,Kankakee,George W. Bush,republican,20049.0
2000,Kendall,Al Gore,democrat,8444.0
2000,Kendall,George W. Bush,republican,13688.0
2000,Knox,Al Gore,democrat,12572.0
2000,Knox,George W. Bush,republican,9912.0
2000,Lake,Al Gore,democrat,115058.0
2000,Lake,George W. Bush,republican,120988.0
2000,LaSalle,Al Gore,democrat,23355.0
2000,LaSalle,George W. Bush,republican,21276.0
2000,Lawrence,Al Gore,democrat,2822.0
2000,Lawrence,George W. Bush,republican,3594.0
2000,Lee,Al Gore,democrat,6111.0
2000,Lee,George W. Bush,republican,8069.0
2000,Livingston,Al Gore,democrat,5829.0
2000,Livingston,George W. Bush,republican,9187.0
2000,Logan,Al Gore,democrat,4600.0
2000,Logan,George W. Bush,republican,8141.0
2000,McDonough,Al Gore,democrat,6080.0
2000,McDonough,George W. Bush,republican,6465.0
2000,McHenry,Al Gore,democrat,40698.0
2000,McHenry,George W. Bush,republican,62112.0
2000,McLean,Al Gore,democrat,24936.0
2000,McLean,George W. Bush,republican,34008.0
2000,Macon,Al Gore,democrat,24262.0
2000,Macon,George W. Bush,republican,23830.0
2000,Macoupin,Al Gore,democrat,11015.0
2000,Macoupin,George W. Bush,republican,9749.0
2000,Madison,Al Gore,democrat,59077.0
2000,Madison,George W. Bush,republican,48821.0
2000,Marion,Al Gore,democrat,8068.0
2000,Marion,George W. Bush,republican,8240.0
2000,Marshall,Al Gore,democrat,2570.0
2000,Marshall,George W. Bush,republican,3145.0
2000,Mason,Al Gore,democrat,3192.0
2000,Mason,George W. Bush,republican,3411.0
2000,Massac,Al Gore,democrat,2912.0
2000,Massac,George W. Bush,republican,3676.0
2000,Menard,Al Gore,democrat,2164.0
2000,Menard,George W. Bush,republican,3862.0
2000,Mercer,Al Gore,democrat,4400.0
2000,Mercer,George W. Bush,republican,3688.0
2000,Monroe,Al Gore,democrat,5797.0
2000,Monroe,George W. Bush,republican,7632.0
2000,Montgomery,Al Gore,democrat,6542.0
2000,Montgomery,George W. Bush,republican,6226.0
2000,Morgan,Al Gore,democrat,5899.0
2000,Morgan,George W. Bush,republican,8058.0
2000,Moultrie,Al Gore,democrat,2529.0
2000,Moultrie,George W. Bush,republican,3058.0
2000,Ogle,Al Gore,democrat,7673.0
2000,Ogle,George W. Bush,republican,12325.0
2000,Peoria,Al Gore,democrat,38604.0
2000,Peoria,George W. Bush,republican,36398.0
2000,Perry,Al Gore,democrat,4862.0
2000,Perry,George W. Bush,republican,4802.0
2000,Piatt,Al Gore,democrat,3488.0
2000,Piatt,George W. Bush,republican,4619.0
2000,Pike,Al Gore,democrat,3198.0
2000,Pike,George W. Bush,republican,4706.0
2000,Pope,Al Gore,democrat,927.0
2000,Pope,George W. Bush,republican,1346.0
2000,Pulaski,Al Gore,democrat,1518.0
2000,Pulaski,George W. Bush,republican,1430.0
2000,Putnam,Al Gore,democrat,1657.0
2000,Putnam,George W. Bush,republican,1437.0
2000,Randolph,Al Gore,democrat,6794.0
2000,Randolph,George W. Bush,republican,7127.0
2000,Richland,Al Gore,democrat,2491.0
2000,Richland,George W. Bush,republican,4718.0
2000,Rock Island,Al Gore,democrat,37957.0
2000,Rock Island,George W. Bush,republican,25194.0
2000,St. Clair,Al Gore,democrat,55961.0
2000,St. Clair,George W. Bush,republican,42299.0
2000,Saline,Al Gore,democrat,5427.0
2000,Saline,George W. Bush,republican,5933.0
2000,Sangamon,Al Gore,democrat,38414.0
2000,Sangamon,George W. Bush,republican,50374.0
2000,Schuyler,Al Gore,democrat,1587.0
2000,Schuyler,George W. Bush,republican,2077.0
2000,Scott,Al Gore,democrat,954.0
2000,Scott,George W. Bush,republican,1458.0
2000,Shelby,Al Gore,democrat,4018.0
2000,Shelby,George W. Bush,republican,5851.0
2000,Stark,Al Gore,democrat,1211.0
2000,Stark,George W. Bush,republican,1694.0
2000,Stephenson,Al Gore,democrat,8062.0
2000,Stephenson,George W. Bush,republican,10715.0
2000,Tazewell,Al Gore,democrat,25379.0
2000,Tazewell,George W. Bush,republican,31537.0
2000,Union,Al Gore,democrat,3982.0
2000,Union,George W. Bush,republican,4397.0
2000,Vermilion,Al Gore,democrat,15406.0
2000,Vermilion,George W. Bush,republican,15783.0
2000,Wabash,Al Gore,democrat,1987.0
2000,Wabash,George W. Bush,republican,3406.0
2000,Warren,Al Gore,democrat,3524.0
2000,Warren,George W. Bush,republican,3899.0
2000,Washington,Al Gore,democrat,2638.0
2000,Washington,George W. Bush,republican,4353.0
2000,Wayne,Al Gore,democrat,2209.0
2000,Wayne,George W. Bush,republican,5347.0
2000,White,Al Gore,democrat,2958.0
2000,White,George W. Bush,republican,4521.0
2000,Whiteside,Al Gore,democrat,12886.0
2000,Whiteside,George W. Bush,republican,11252.0
2000,Will,Al Gore,democrat,90902.0
2000,Will,George W. Bush,republican,95828.0
2000,Williamson,Al Gore,democrat,12192.0
2000,Williamson,George W. Bush,republican,14012.0
2000,Winnebago,Al Gore,democrat,51981.0
2000,Winnebago,George W. Bush,republican,53816.0
2000,Woodford,Al Gore,democrat,5529.0
2000,Woodford,George W. Bush,republican,10905.0
2004,Adams,John Kerry,democrat,10511.0
2004,Adams,George W. Bush,republican,20834.0
2004,Alexander,John Kerry,democrat,2016.0
2004,Alexander,George W. Bush,republican,1831.0
2004,Bond,John Kerry,democrat,3228.0
2004,Bond,George W. Bush,republican,4068.0
2004,Boone,John Kerry,democrat,8286.0
2004,Boone,George W. Bush,republican,11132.0
2004,Brown,John Kerry,democrat,895.0
2004,Brown,George W. Bush,republican,1679.0
2004,Bureau,John Kerry,democrat,7961.0
2004,Bureau,George W. Bush,republican,9822.0
2004,Calhoun,John Kerry,democrat,1367.0
2004,Calhoun,George W. Bush,republican,1317.0
2004,Carroll,John Kerry,democrat,3537.0
2004,Carroll,George W. Bush,republican,4534.0
2004,Cass,John Kerry,democrat,2492.0
2004,Cass,George W. Bush,republican,3163.0
2004,Champaign,John Kerry,democrat,41524.0
2004,Champaign,George W. Bush,republican,39896.0
2004,Christian,John Kerry,democrat,6112.0
2004,Christian,George W. Bush,republican,9044.0
2004,Clark,John Kerry,democrat,2877.0
2004,Clark,George W. Bush,republican,5082.0
2004,Clay,John Kerry,democrat,2101.0
2004,Clay,George W. Bush,republican,4416.0
2004,Clinton,John Kerry,democrat,6797.0
2004,Clinton,George W. Bush,republican,10219.0
2004,Coles,John Kerry,democrat,9566.0
2004,Coles,George W. Bush,republican,13015.0
2004,Cook,John Kerry,democrat,1439724.0
2004,Cook,George W. Bush,republican,597405.0
2004,Crawford,John Kerry,democrat,3194.0
2004,Crawford,George W. Bush,republican,6083.0
2004,Cumberland,John Kerry,democrat,1862.0
2004,Cumberland,George W. Bush,republican,3497.0
2004,DeKalb,John Kerry,democrat,19263.0
2004,DeKalb,George W. Bush,republican,21095.0
2004,De Witt,John Kerry,democrat,2836.0
2004,De Witt,George W. Bush,republican,4920.0
2004,Douglas,John Kerry,democrat,2767.0
2004,Douglas,George W. Bush,republican,5702.0
2004,DuPage,John Kerry,democrat,180097.0
2004,DuPage,George W. Bush,republican,218902.0
2004,Edgar,John Kerry,democrat,3093.0
2004,Edgar,George W. Bush,republican,5258.0
2004,Edwards,John Kerry,democrat,930.0
2004,Edwards,George W. Bush,republican,2412.0
2004,Effingham,John Kerry,democrat,4388.0
2004,Effingham,George W. Bush,republican,11774.0
2004,Fayette,John Kerry,democrat,3571.0
2004,Fayette,George W. Bush,republican,5880.0
2004,Ford,John Kerry,democrat,1912.0
2004,Ford,George W. Bush,republican,4511.0
2004,Franklin,John Kerry,democrat,8816.0
2004,Franklin,George W. Bush,republican,10388.0
2004,Fulton,John Kerry,democrat,9080.0
2004,Fulton,George W. Bush,republican,7818.0
2004,Gallatin,John Kerry,democrat,1573.0
2004,Gallatin,George W. Bush,republican,1619.0
2004,Greene,John Kerry,democrat,2457.0
2004,Greene,George W. Bush,republican,3559.0
2004,Grundy,John Kerry,democrat,8463.0
2004,Grundy,George W. Bush,republican,11198.0
2004,Hamilton,John Kerry,democrat,1814.0
2004,Hamilton,George W. Bush,republican,2653.0
2004,Hancock,John Kerry,democrat,3975.0
2004,Hancock,George W. Bush,republican,5837.0
2004,Hardin,John Kerry,democrat,923.0
2004,Hardin,George W. Bush,republican,1501.0
2004,Henderson,John Kerry,democrat,2269.0
2004,Henderson,George W. Bush,republican,1857.0
2004,Henry,John Kerry,democrat,11877.0
2004,Henry,George W. Bush,republican,13212.0
2004,Iroquois,John Kerry,democrat,3832.0
2004,Iroquois,George W. Bush,republican,9914.0
2004,Jackson,John Kerry,democrat,14300.0
2004,Jackson,George W. Bush,republican,11190.0
2004,Jasper,John Kerry,democrat,1781.0
2004,Jasper,George W. Bush,republican,3529.0
2004,Jefferson,John Kerry,democrat,6713.0
2004,Jefferson,George W. Bush,republican,10160.0
2004,Jersey,John Kerry,democrat,4597.0
2004,Jersey,George W. Bush,republican,5435.0
2004,Jo Daviess,John Kerry,democrat,5311.0
2004,Jo Daviess,George W. Bush,republican,6174.0
2004,Johnson,John Kerry,democrat,1813.0
2004,Johnson,George W. Bush,republican,3997.0
2004,Kane,John Kerry,democrat,75922.0
2004,Kane,George W. Bush,republican,94359.0
2004,Kankakee,John Kerry,democrat,20003.0
2004,Kankakee,George W. Bush,republican,24739.0
2004,Kendall,John Kerry,democrat,12374.0
2004,Kendall,George W. Bush,republican,19774.0
2004,Knox,John Kerry,democrat,13403.0
2004,Knox,George W. Bush,republican,11111.0
2004,Lake,John Kerry,democrat,134352.0
2004,Lake,George W. Bush,republican,139081.0
2004,LaSalle,John Kerry,democrat,24263.0
2004,LaSalle,George W. Bush,republican,26101.0
2004,Lawrence,John Kerry,democrat,2518.0
2004,Lawrence,George W. Bush,republican,4162.0
2004,Lee,John Kerry,democrat,6416.0
2004,Lee,George W. Bush,republican,9307.0
2004,Livingston,John Kerry,democrat,5632.0
2004,Livingston,George W. Bush,republican,10316.0
2004,Logan,John Kerry,democrat,4273.0
2004,Logan,George W. Bush,republican,9112.0
2004,McDonough,John Kerry,democrat,7119.0
2004,McDonough,George W. Bush,republican,7656.0
2004,McHenry,John Kerry,democrat,50330.0
2004,McHenry,George W. Bush,republican,76412.0
2004,McLean,John Kerry,democrat,29877.0
2004,McLean,George W. Bush,republican,41276.0
2004,Macon,John Kerry,democrat,23341.0
2004,Macon,George W. Bush,republican,28118.0
2004,Macoupin,John Kerry,democrat,11193.0
2004,Macoupin,George W. Bush,republican,11413.0
2004,Madison,John Kerry,democrat,63399.0
2004,Madison,George W. Bush,republican,59384.0
2004,Marion,John Kerry,democrat,7694.0
2004,Marion,George W. Bush,republican,9413.0
2004,Marshall,John Kerry,democrat,2806.0
2004,Marshall,George W. Bush,republican,3734.0
2004,Mason,John Kerry,democrat,3215.0
2004,Mason,George W. Bush,republican,3907.0
2004,Massac,John Kerry,democrat,2805.0
2004,Massac,George W. Bush,republican,4578.0
2004,Menard,John Kerry,democrat,2137.0
2004,Menard,George W. Bush,republican,4408.0
2004,Mercer,John Kerry,democrat,4512.0
2004,Mercer,George W. Bush,republican,4405.0
2004,Monroe,John Kerry,democrat,6788.0
2004,Monroe,George W. Bush,republican,9468.0
2004,Montgomery,John Kerry,democrat,5979.0
2004,Montgomery,George W. Bush,republican,6851.0
2004,Morgan,John Kerry,democrat,5650.0
2004,Morgan,George W. Bush,republican,9392.0
2004,Moultrie,John Kerry,democrat,2388.0
2004,Moultrie,George W. Bush,republican,4028.0
2004,Ogle,John Kerry,democrat,9018.0
2004,Ogle,George W. Bush,republican,14918.0
2004,Peoria,John Kerry,democrat,41121.0
2004,Peoria,George W. Bush,republican,41051.0
2004,Perry,John Kerry,democrat,4770.0
2004,Perry,George W. Bush,republican,5589.0
2004,Piatt,John Kerry,democrat,3124.0
2004,Piatt,George W. Bush,republican,5392.0
2004,Pike,John Kerry,democrat,2849.0
2004,Pike,George W. Bush,republican,5032.0
2004,Pope,John Kerry,democrat,918.0
2004,Pope,George W. Bush,republican,1500.0
2004,Pulaski,John Kerry,democrat,1372.0
2004,Pulaski,George W. Bush,republican,1720.0
2004,Putnam,John Kerry,democrat,1704.0
2004,Putnam,George W. Bush,republican,1623.0
2004,Randolph,John Kerry,democrat,6771.0
2004,Randolph,George W. Bush,republican,8076.0
2004,Richland,John Kerry,democrat,2529.0
2004,Richland,George W. Bush,republican,5153.0
2004,Rock Island,John Kerry,democrat,39880.0
2004,Rock Island,George W. Bush,republican,29663.0
2004,St. Clair,John Kerry,democrat,62410.0
2004,St. Clair,George W. Bush,republican,50203.0
2004,Saline,John Kerry,democrat,4697.0
2004,Saline,George W. Bush,republican,7057.0
2004,Sangamon,John Kerry,democrat,38630.0
2004,Sangamon,George W. Bush,republican,55904.0
2004,Schuyler,John Kerry,democrat,1594.0
2004,Schuyler,George W. Bush,republican,2403.0
2004,Scott,John Kerry,democrat,927.0
2004,Scott,George W. Bush,republican,1696.0
2004,Shelby,John Kerry,democrat,3744.0
2004,Shelby,George W. Bush,republican,6753.0
2004,Stark,John Kerry,democrat,1189.0
2004,Stark,George W. Bush,republican,1841.0
2004,Stephenson,John Kerry,democrat,8913.0
2004,Stephenson,George W. Bush,republican,12212.0
2004,Tazewell,John Kerry,democrat,25814.0
2004,Tazewell,George W. Bush,republican,36058.0
2004,Union,John Kerry,democrat,3735.0
2004,Union,George W. Bush,republican,5333.0
2004,Vermilion,John Kerry,democrat,14726.0
2004,Vermilion,George W. Bush,republican,18731.0
2004,Wabash,John Kerry,democrat,1752.0
2004,Wabash,George W. Bush,republican,4212.0
2004,Warren,John Kerry,democrat,3938.0
2004,Warren,George W. Bush,republican,4474.0
2004,Washington,John Kerry,democrat,2986.0
2004,Washington,George W. Bush,republican,5072.0
2004,Wayne,John Kerry,democrat,2139.0
2004,Wayne,George W. Bush,republican,6102.0
2004,White,John Kerry,democrat,3071.0
2004,White,George W. Bush,republican,5180.0
2004,Whiteside,John Kerry,democrat,13723.0
2004,Whiteside,George W. Bush,republican,12959.0
2004,Will,John Kerry,democrat,115625.0
2004,Will,George W. Bush,republican,129098.0
2004,Williamson,John Kerry,democrat,11685.0
2004,Williamson,George W. Bush,republican,18086.0
2004,Winnebago,John Kerry,democrat,59740.0
2004,Winnebago,George W. Bush,republican,60782.0
2004,Woodford,John Kerry,democrat,6005.0
2004,Woodford,George W. Bush,republican,12698.0
2008,Adams,Barack Obama,democrat,11794.0
2008,Adams,John McCain,republican,18711.0
2008,Alexander,Barack Obama,democrat,2189.0
2008,Alexander,John McCain,republican,1692.0
2008,Bond,Barack Obama,democrat,3843.0
2008,Bond,John McCain,republican,3947.0
2008,Boone,Barack Obama,democrat,11333.0
2008,Boone,John McCain,republican,10403.0
2008,Brown,Barack Obama,democrat,986.0
2008,Brown,John McCain,republican,1544.0
2008,Bureau,Barack Obama,democrat,8889.0
2008,Bureau,John McCain,republican,7911.0
2008,Calhoun,Barack Obama,democrat,1423.0
2008,Calhoun,John McCain,republican,1221.0
2008,Carroll,Barack Obama,democrat,3965.0
2008,Carroll,John McCain,republican,3596.0
2008,Cass,Barack Obama,democrat,2690.0
2008,Cass,John McCain,republican,2617.0
2008,Champaign,Barack Obama,democrat,48597.0
2008,Champaign,John McCain,republican,33871.0
2008,Christian,Barack Obama,democrat,6918.0
2008,Christian,John McCain,republican,7872.0
2008,Clark,Barack Obama,democrat,3742.0
2008,Clark,John McCain,republican,4409.0
2008,Clay,Barack Obama,democrat,2425.0
2008,Clay,John McCain,republican,3926.0
2008,Clinton,Barack Obama,democrat,7657.0
2008,Clinton,John McCain,republican,9357.0
2008,Coles,Barack Obama,democrat,11716.0
2008,Coles,John McCain,republican,10978.0
2008,Cook,Barack Obama,democrat,1629024.0
2008,Cook,John McCain,republican,487736.0
2008,Crawford,Barack Obama,democrat,3883.0
2008,Crawford,John McCain,republican,5070.0
2008,Cumberland,Barack Obama,democrat,2055.0
2008,Cumberland,John McCain,republican,3156.0
2008,DeKalb,Barack Obama,democrat,25784.0
2008,DeKalb,John McCain,republican,18266.0
2008,De Witt,Barack Obama,democrat,3308.0
2008,De Witt,John McCain,republican,4348.0
2008,Douglas,Barack Obama,democrat,3228.0
2008,Douglas,John McCain,republican,5005.0
2008,DuPage,Barack Obama,democrat,228698.0
2008,DuPage,John McCain,republican,183626.0
2008,Edgar,Barack Obama,democrat,3743.0
2008,Edgar,John McCain,republican,4398.0
2008,Edwards,Barack Obama,democrat,1140.0
2008,Edwards,John McCain,republican,2137.0
2008,Effingham,Barack Obama,democrat,5262.0
2008,Effingham,John McCain,republican,11323.0
2008,Fayette,Barack Obama,democrat,3967.0
2008,Fayette,John McCain,republican,5499.0
2008,Ford,Barack Obama,democrat,2227.0
2008,Ford,John McCain,republican,4079.0
2008,Franklin,Barack Obama,democrat,8880.0
2008,Franklin,John McCain,republican,9404.0
2008,Fulton,Barack Obama,democrat,9732.0
2008,Fulton,John McCain,republican,6251.0
2008,Gallatin,Barack Obama,democrat,1587.0
2008,Gallatin,John McCain,republican,1212.0
2008,Greene,Barack Obama,democrat,2619.0
2008,Greene,John McCain,republican,3053.0
2008,Grundy,Barack Obama,democrat,11063.0
2008,Grundy,John McCain,republican,10687.0
2008,Hamilton,Barack Obama,democrat,1796.0
2008,Hamilton,John McCain,republican,2353.0
2008,Hancock,Barack Obama,democrat,4141.0
2008,Hancock,John McCain,republican,5161.0
2008,Hardin,Barack Obama,democrat,892.0
2008,Hardin,John McCain,republican,1330.0
2008,Henderson,Barack Obama,democrat,2215.0
2008,Henderson,John McCain,republican,1541.0
2008,Henry,Barack Obama,democrat,13181.0
2008,Henry,John McCain,republican,11263.0
2008,Iroquois,Barack Obama,democrat,4643.0
2008,Iroquois,John McCain,republican,8695.0
2008,Jackson,Barack Obama,democrat,15248.0
2008,Jackson,John McCain,republican,9687.0
2008,Jasper,Barack Obama,democrat,2063.0
2008,Jasper,John McCain,republican,2964.0
2008,Jefferson,Barack Obama,democrat,7462.0
2008,Jefferson,John McCain,republican,9302.0
2008,Jersey,Barack Obama,democrat,5042.0
2008,Jersey,John McCain,republican,5329.0
2008,Jo Daviess,Barack Obama,democrat,6403.0
2008,Jo Daviess,John McCain,republican,5170.0
2008,Johnson,Barack Obama,democrat,1871.0
2008,Johnson,John McCain,republican,3912.0
2008,Kane,Barack Obama,democrat,106756.0
2008,Kane,John McCain,republican,83963.0
2008,Kankakee,Barack Obama,democrat,24750.0
2008,Kankakee,John McCain,republican,22527.0
2008,Kendall,Barack Obama,democrat,24742.0
2008,Kendall,John McCain,republican,21380.0
2008,Knox,Barack Obama,democrat,14191.0
2008,Knox,John McCain,republican,9419.0
2008,Lake,Barack Obama,democrat,177242.0
2008,Lake,John McCain,republican,118545.0
2008,LaSalle,Barack Obama,democrat,27443.0
2008,LaSalle,John McCain,republican,21872.0
2008,Lawrence,Barack Obama,democrat,3016.0
2008,Lawrence,John McCain,republican,3403.0
2008,Lee,Barack Obama,democrat,7765.0
2008,Lee,John McCain,republican,8258.0
2008,Livingston,Barack Obama,democrat,6189.0
2008,Livingston,John McCain,republican,9191.0
2008,Logan,Barack Obama,democrat,5250.0
2008,Logan,John McCain,republican,7429.0
2008,McDonough,Barack Obama,democrat,6783.0
2008,McDonough,John McCain,republican,6055.0
2008,McHenry,Barack Obama,democrat,72288.0
2008,McHenry,John McCain,republican,64845.0
2008,McLean,Barack Obama,democrat,37689.0
2008,McLean,John McCain,republican,36767.0
2008,Macon,Barack Obama,democrat,25487.0
2008,Macon,John McCain,republican,24948.0
2008,Macoupin,Barack Obama,democrat,12090.0
2008,Macoupin,John McCain,republican,9891.0
2008,Madison,Barack Obama,democrat,68979.0
2008,Madison,John McCain,republican,57177.0
2008,Marion,Barack Obama,democrat,8345.0
2008,Marion,John McCain,republican,8691.0
2008,Marshall,Barack Obama,democrat,3081.0
2008,Marshall,John McCain,republican,3145.0
2008,Mason,Barack Obama,democrat,3542.0
2008,Mason,John McCain,republican,3141.0
2008,Massac,Barack Obama,democrat,2693.0
2008,Massac,John McCain,republican,4371.0
2008,Menard,Barack Obama,democrat,2706.0
2008,Menard,John McCain,republican,3672.0
2008,Mercer,Barack Obama,democrat,4887.0
2008,Mercer,John McCain,republican,3833.0
2008,Monroe,Barack Obama,democrat,7953.0
2008,Monroe,John McCain,republican,9881.0
2008,Montgomery,Barack Obama,democrat,6491.0
2008,Montgomery,John McCain,republican,6150.0
2008,Morgan,Barack Obama,democrat,7467.0
2008,Morgan,John McCain,republican,7591.0
2008,Moultrie,Barack Obama,democrat,2668.0
2008,Moultrie,John McCain,republican,3471.0
2008,Ogle,Barack Obama,democrat,11253.0
2008,Ogle,John McCain,republican,13144.0
2008,Peoria,Barack Obama,democrat,45906.0
2008,Peoria,John McCain,republican,34579.0
2008,Perry,Barack Obama,democrat,4701.0
2008,Perry,John McCain,republican,5086.0
2008,Piatt,Barack Obama,democrat,3859.0
2008,Piatt,John McCain,republican,4991.0
2008,Pike,Barack Obama,democrat,3024.0
2008,Pike,John McCain,republican,4457.0
2008,Pope,Barack Obama,democrat,845.0
2008,Pope,John McCain,republican,1343.0
2008,Pulaski,Barack Obama,democrat,1638.0
2008,Pulaski,John McCain,republican,1593.0
2008,Putnam,Barack Obama,democrat,1900.0
2008,Putnam,John McCain,republican,1378.0
2008,Randolph,Barack Obama,democrat,7395.0
2008,Randolph,John McCain,republican,7538.0
2008,Richland,Barack Obama,democrat,3181.0
2008,Richland,John McCain,republican,4329.0
2008,Rock Island,Barack Obama,democrat,42210.0
2008,Rock Island,John McCain,republican,25364.0
2008,St. Clair,Barack Obama,democrat,76160.0
2008,St. Clair,John McCain,republican,47958.0
2008,Saline,Barack Obama,democrat,5083.0
2008,Saline,John McCain,republican,6099.0
2008,Sangamon,Barack Obama,democrat,51300.0
2008,Sangamon,John McCain,republican,46945.0
2008,Schuyler,Barack Obama,democrat,1900.0
2008,Schuyler,John McCain,republican,1833.0
2008,Scott,Barack Obama,democrat,1090.0
2008,Scott,John McCain,republican,1455.0
2008,Shelby,Barack Obama,democrat,4245.0
2008,Shelby,John McCain,republican,6396.0
2008,Stark,Barack Obama,democrat,1357.0
2008,Stark,John McCain,republican,1513.0
2008,Stephenson,Barack Obama,democrat,11349.0
2008,Stephenson,John McCain,republican,9909.0
2008,Tazewell,Barack Obama,democrat,29384.0
2008,Tazewell,John McCain,republican,33247.0
2008,Union,Barack Obama,democrat,3918.0
2008,Union,John McCain,republican,5003.0
2008,Vermilion,Barack Obama,democrat,16246.0
2008,Vermilion,John McCain,republican,16054.0
2008,Wabash,Barack Obama,democrat,2462.0
2008,Wabash,John McCain,republican,3254.0
2008,Warren,Barack Obama,democrat,4286.0
2008,Warren,John McCain,republican,3637.0
2008,Washington,Barack Obama,democrat,3342.0
2008,Washington,John McCain,republican,4473.0
2008,Wayne,Barack Obama,democrat,2547.0
2008,Wayne,John McCain,republican,5390.0
2008,White,Barack Obama,democrat,3315.0
2008,White,John McCain,republican,3987.0
2008,Whiteside,Barack Obama,democrat,15607.0
2008,Whiteside,John McCain,republican,10883.0
2008,Will,Barack Obama,democrat,160406.0
2008,Will,John McCain,republican,122597.0
2008,Williamson,Barack Obama,democrat,12914.0
2008,Williamson,John McCain,republican,17387.0
2008,Winnebago,Barack Obama,democrat,70034.0
2008,Winnebago,John McCain,republican,53886.0
2008,Woodford,Barack Obama,democrat,6999.0
2008,Woodford,John McCain,republican,12191.0
2012,Adams,Barack Obama,democrat,9648.0
2012,Adams,Mitt Romney,republican,20416.0
2012,Alexander,Barack Obama,democrat,1965.0
2012,Alexander,Mitt Romney,republican,1487.0
2012,Bond,Barack Obama,democrat,3020.0
2012,Bond,Mitt Romney,republican,4095.0
2012,Boone,Barack Obama,democrat,9883.0
2012,Boone,Mitt Romney,republican,11096.0
2012,Brown,Barack Obama,democrat,787.0
2012,Brown,Mitt Romney,republican,1513.0
2012,Bureau,Barack Obama,democrat,8134.0
2012,Bureau,Mitt Romney,republican,8164.0
2012,Calhoun,Barack Obama,democrat,1080.0
2012,Calhoun,Mitt Romney,republican,1440.0
2012,Carroll,Barack Obama,democrat,3665.0
2012,Carroll,Mitt Romney,republican,3555.0
2012,Cass,Barack Obama,democrat,2053.0
2012,Cass,Mitt Romney,republican,2707.0
2012,Champaign,Barack Obama,democrat,40831.0
2012,Champaign,Mitt Romney,republican,35312.0
2012,Christian,Barack Obama,democrat,5494.0
2012,Christian,Mitt Romney,republican,8885.0
2012,Clark,Barack Obama,democrat,2591.0
2012,Clark,Mitt Romney,republican,5144.0
2012,Clay,Barack Obama,democrat,1584.0
2012,Clay,Mitt Romney,republican,4190.0
2012,Clinton,Barack Obama,democrat,5596.0
2012,Clinton,Mitt Romney,republican,10524.0
2012,Coles,Barack Obama,democrat,9262.0
2012,Coles,Mitt Romney,republican,11631.0
2012,Cook,Barack Obama,democrat,1488537.0
2012,Cook,Mitt Romney,republican,495542.0
2012,Crawford,Barack Obama,democrat,2858.0
2012,Crawford,Mitt Romney,republican,5585.0
2012,Cumberland,Barack Obama,democrat,1641.0
2012,Cumberland,Mitt Romney,republican,3509.0
2012,DeKalb,Barack Obama,democrat,21207.0
2012,DeKalb,Mitt Romney,republican,18934.0
2012,De Witt,Barack Obama,democrat,2601.0
2012,De Witt,Mitt Romney,republican,4579.0
2012,Douglas,Barack Obama,democrat,2430.0
2012,Douglas,Mitt Romney,republican,5334.0
2012,DuPage,Barack Obama,democrat,199460.0
2012,DuPage,Mitt Romney,republican,195046.0
2012,Edgar,Barack Obama,democrat,2565.0
2012,Edgar,Mitt Romney,republican,5132.0
2012,Edwards,Barack Obama,democrat,754.0
2012,Edwards,Mitt Romney,republican,2405.0
2012,Effingham,Barack Obama,democrat,3861.0
2012,Effingham,Mitt Romney,republican,12501.0
2012,Fayette,Barack Obama,democrat,2853.0
2012,Fayette,Mitt Romney,republican,5951.0
2012,Ford,Barack Obama,democrat,1656.0
2012,Ford,Mitt Romney,republican,4229.0
2012,Franklin,Barack Obama,democrat,7254.0
2012,Franklin,Mitt Romney,republican,10267.0
2012,Fulton,Barack Obama,democrat,8328.0
2012,Fulton,Mitt Romney,republican,6632.0
2012,Gallatin,Barack Obama,democrat,1029.0
2012,Gallatin,Mitt Romney,republican,1492.0
2012,Greene,Barack Obama,democrat,2023.0
2012,Greene,Mitt Romney,republican,3451.0
2012,Grundy,Barack Obama,democrat,9451.0
2012,Grundy,Mitt Romney,republican,11343.0
2012,Hamilton,Barack Obama,democrat,1269.0
2012,Hamilton,Mitt Romney,republican,2566.0
2012,Hancock,Barack Obama,democrat,3650.0
2012,Hancock,Mitt Romney,republican,5271.0
2012,Hardin,Barack Obama,democrat,742.0
2012,Hardin,Mitt Romney,republican,1535.0
2012,Henderson,Barack Obama,democrat,1978.0
2012,Henderson,Mitt Romney,republican,1541.0
2012,Henry,Barack Obama,democrat,12332.0
2012,Henry,Mitt Romney,republican,11583.0
2012,Iroquois,Barack Obama,democrat,3413.0
2012,Iroquois,Mitt Romney,republican,9120.0
2012,Jackson,Barack Obama,democrat,13319.0
2012,Jackson,Mitt Romney,republican,9864.0
2012,Jasper,Barack Obama,democrat,1436.0
2012,Jasper,Mitt Romney,republican,3514.0
2012,Jefferson,Barack Obama,democrat,6089.0
2012,Jefferson,Mitt Romney,republican,9811.0
2012,Jersey,Barack Obama,democrat,3667.0
2012,Jersey,Mitt Romney,republican,6039.0
2012,Jo Daviess,Barack Obama,democrat,5667.0
2012,Jo Daviess,Mitt Romney,republican,5534.0
2012,Johnson,Barack Obama,democrat,1572.0
2012,Johnson,Mitt Romney,republican,3963.0
2012,Kane,Barack Obama,democrat,90332.0
2012,Kane,Mitt Romney,republican,88335.0
2012,Kankakee,Barack Obama,democrat,21595.0
2012,Kankakee,Mitt Romney,republican,23136.0
2012,Kendall,Barack Obama,democrat,22471.0
2012,Kendall,Mitt Romney,republican,24047.0
2012,Knox,Barack Obama,democrat,13451.0
2012,Knox,Mitt Romney,republican,9408.0
2012,Lake,Barack Obama,democrat,153757.0
2012,Lake,Mitt Romney,republican,129764.0
2012,LaSalle,Barack Obama,democrat,23073.0
2012,LaSalle,Mitt Romney,republican,23256.0
2012,Lawrence,Barack Obama,democrat,2011.0
2012,Lawrence,Mitt Romney,republican,3857.0
2012,Lee,Barack Obama,democrat,6937.0
2012,Lee,Mitt Romney,republican,8059.0
2012,Livingston,Barack Obama,democrat,5020.0
2012,Livingston,Mitt Romney,republican,9753.0
2012,Logan,Barack Obama,democrat,3978.0
2012,Logan,Mitt Romney,republican,7844.0
2012,McDonough,Barack Obama,democrat,5967.0
2012,McDonough,Mitt Romney,republican,6147.0
2012,McHenry,Barack Obama,democrat,59797.0
2012,McHenry,Mitt Romney,republican,71598.0
2012,McLean,Barack Obama,democrat,31883.0
2012,McLean,Mitt Romney,republican,39947.0
2012,Macon,Barack Obama,democrat,22780.0
2012,Macon,Mitt Romney,republican,25309.0
2012,Macoupin,Barack Obama,democrat,9464.0
2012,Macoupin,Mitt Romney,republican,10946.0
2012,Madison,Barack Obama,democrat,58922.0
2012,Madison,Mitt Romney,republican,60608.0
2012,Marion,Barack Obama,democrat,6225.0
2012,Marion,Mitt Romney,republican,9248.0
2012,Marshall,Barack Obama,democrat,2455.0
2012,Marshall,Mitt Romney,republican,3290.0
2012,Mason,Barack Obama,democrat,2867.0
2012,Mason,Mitt Romney,republican,3265.0
2012,Massac,Barack Obama,democrat,2092.0
2012,Massac,Mitt Romney,republican,4278.0
2012,Menard,Barack Obama,democrat,2100.0
2012,Menard,Mitt Romney,republican,3948.0
2012,Mercer,Barack Obama,democrat,4507.0
2012,Mercer,Mitt Romney,republican,3876.0
2012,Monroe,Barack Obama,democrat,6215.0
2012,Monroe,Mitt Romney,republican,10888.0
2012,Montgomery,Barack Obama,democrat,5058.0
2012,Montgomery,Mitt Romney,republican,6776.0
2012,Morgan,Barack Obama,democrat,5806.0
2012,Morgan,Mitt Romney,republican,7972.0
2012,Moultrie,Barack Obama,democrat,2144.0
2012,Moultrie,Mitt Romney,republican,3784.0
2012,Ogle,Barack Obama,democrat,9514.0
2012,Ogle,Mitt Romney,republican,13422.0
2012,Peoria,Barack Obama,democrat,40209.0
2012,Peoria,Mitt Romney,republican,36774.0
2012,Perry,Barack Obama,democrat,3819.0
2012,Perry,Mitt Romney,republican,5507.0
2012,Piatt,Barack Obama,democrat,3090.0
2012,Piatt,Mitt Romney,republican,5413.0
2012,Pike,Barack Obama,democrat,2278.0
2012,Pike,Mitt Romney,republican,4860.0
2012,Pope,Barack Obama,democrat,650.0
2012,Pope,Mitt Romney,republican,1512.0
2012,Pulaski,Barack Obama,democrat,1389.0
2012,Pulaski,Mitt Romney,republican,1564.0
2012,Putnam,Barack Obama,democrat,1559.0
2012,Putnam,Mitt Romney,republican,1502.0
2012,Randolph,Barack Obama,democrat,5759.0
2012,Randolph,Mitt Romney,republican,8290.0
2012,Richland,Barack Obama,democrat,2362.0
2012,Richland,Mitt Romney,republican,4756.0
2012,Rock Island,Barack Obama,democrat,39157.0
2012,Rock Island,Mitt Romney,republican,24934.0
2012,St. Clair,Barack Obama,democrat,67285.0
2012,St. Clair,Mitt Romney,republican,50125.0
2012,Saline,Barack Obama,democrat,3701.0
2012,Saline,Mitt Romney,republican,6806.0
2012,Sangamon,Barack Obama,democrat,42107.0
2012,Sangamon,Mitt Romney,republican,50225.0
2012,Schuyler,Barack Obama,democrat,1727.0
2012,Schuyler,Mitt Romney,republican,2069.0
2012,Scott,Barack Obama,democrat,910.0
2012,Scott,Mitt Romney,republican,1587.0
2012,Shelby,Barack Obama,democrat,3342.0
2012,Shelby,Mitt Romney,republican,6843.0
2012,Stark,Barack Obama,democrat,1095.0
2012,Stark,Mitt Romney,republican,1528.0
2012,Stephenson,Barack Obama,democrat,10165.0
2012,Stephenson,Mitt Romney,republican,10512.0
2012,Tazewell,Barack Obama,democrat,24438.0
2012,Tazewell,Mitt Romney,republican,35335.0
2012,Union,Barack Obama,democrat,3137.0
2012,Union,Mitt Romney,republican,4957.0
2012,Vermilion,Barack Obama,democrat,12878.0
2012,Vermilion,Mitt Romney,republican,16892.0
2012,Wabash,Barack Obama,democrat,1590.0
2012,Wabash,Mitt Romney,republican,3478.0
2012,Warren,Barack Obama,democrat,4044.0
2012,Warren,Mitt Romney,republican,3618.0
2012,Washington,Barack Obama,democrat,2450.0
2012,Washington,Mitt Romney,republican,4792.0
2012,Wayne,Barack Obama,democrat,1514.0
2012,Wayne,Mitt Romney,republican,5988.0
2012,White,Barack Obama,democrat,2188.0
2012,White,Mitt Romney,republican,4731.0
2012,Whiteside,Barack Obama,democrat,14833.0
2012,Whiteside,Mitt Romney,republican,10334.0
2012,Will,Barack Obama,democrat,144229.0
2012,Will,Mitt Romney,republican,128969.0
2012,Williamson,Barack Obama,democrat,10647.0
2012,Williamson,Mitt Romney,republican,17909.0
2012,Winnebago,Barack Obama,democrat,61732.0
2012,Winnebago,Mitt Romney,republican,55138.0
2012,Woodford,Barack Obama,democrat,5572.0
2012,Woodford,Mitt Romney,republican,12961.0
2016,Adams,Hillary Clinton,democrat,7676.0
2016,Adams,Donald Trump,republican,22790.0
2016,Alexander,Hillary Clinton,democrat,1262.0
2016,Alexander,Donald Trump,republican,1496.0
2016,Bond,Hillary Clinton,democrat,2068.0
2016,Bond,Donald Trump,republican,4888.0
2016,Boone,Hillary Clinton,democrat,8986.0
2016,Boone,Donald Trump,republican,12282.0
2016,Brown,Hillary Clinton,democrat,476.0
2016,Brown,Donald Trump,republican,1796.0
2016,Bureau,Hillary Clinton,democrat,6029.0
2016,Bureau,Donald Trump,republican,9281.0
2016,Calhoun,Hillary Clinton,democrat,739.0
2016,Calhoun,Donald Trump,republican,1721.0
2016,Carroll,Hillary Clinton,democrat,2447.0
2016,Carroll,Donald Trump,republican,4434.0
2016,Cass,Hillary Clinton,democrat,1621.0
2016,Cass,Donald Trump,republican,3216.0
2016,Champaign,Hillary Clinton,democrat,50137.0
2016,Champaign,Donald Trump,republican,33368.0
2016,Christian,Hillary Clinton,democrat,3992.0
2016,Christian,Donald Trump,republican,10543.0
2016,Clark,Hillary Clinton,democrat,1877.0
2016,Clark,Donald Trump,republican,5622.0
2016,Clay,Hillary Clinton,democrat,1020.0
2016,Clay,Donald Trump,republican,5021.0
2016,Clinton,Hillary Clinton,democrat,3945.0
2016,Clinton,Donald Trump,republican,12412.0
2016,Coles,Hillary Clinton,democrat,7309.0
2016,Coles,Donald Trump,republican,13003.0
2016,Cook,Hillary Clinton,democrat,1611946.0
2016,Cook,Donald Trump,republican,453287.0
2016,Crawford,Hillary Clinton,democrat,1992.0
2016,Crawford,Donald Trump,republican,6277.0
2016,Cumberland,Hillary Clinton,democrat,1031.0
2016,Cumberland,Donald Trump,republican,4206.0
2016,DeKalb,Hillary Clinton,democrat,20466.0
2016,DeKalb,Donald Trump,republican,19091.0
2016,De Witt,Hillary Clinton,democrat,1910.0
2016,De Witt,Donald Trump,republican,5077.0
2016,Douglas,Hillary Clinton,democrat,1949.0
2016,Douglas,Donald Trump,republican,5698.0
2016,DuPage,Hillary Clinton,democrat,228622.0
2016,DuPage,Donald Trump,republican,166415.0
2016,Edgar,Hillary Clinton,democrat,1793.0
2016,Edgar,Donald Trump,republican,5645.0
2016,Edwards,Hillary Clinton,democrat,434.0
2016,Edwards,Donald Trump,republican,2778.0
2016,Effingham,Hillary Clinton,democrat,3083.0
2016,Effingham,Donald Trump,republican,13635.0
2016,Fayette,Hillary Clinton,democrat,1819.0
2016,Fayette,Donald Trump,republican,7372.0
2016,Ford,Hillary Clinton,democrat,1414.0
2016,Ford,Donald Trump,republican,4480.0
2016,Franklin,Hillary Clinton,democrat,4727.0
2016,Franklin,Donald Trump,republican,13116.0
2016,Fulton,Hillary Clinton,democrat,6133.0
2016,Fulton,Donald Trump,republican,8492.0
2016,Gallatin,Hillary Clinton,democrat,657.0
2016,Gallatin,Donald Trump,republican,1942.0
2016,Greene,Hillary Clinton,democrat,1205.0
2016,Greene,Donald Trump,republican,4145.0
2016,Grundy,Hillary Clinton,democrat,8065.0
2016,Grundy,Donald Trump,republican,13454.0
2016,Hamilton,Hillary Clinton,democrat,802.0
2016,Hamilton,Donald Trump,republican,3206.0
2016,Hancock,Hillary Clinton,democrat,2139.0
2016,Hancock,Donald Trump,republican,6430.0
2016,Hardin,Hillary Clinton,democrat,420.0
2016,Hardin,Donald Trump,republican,1653.0
2016,Henderson,Hillary Clinton,democrat,1155.0
2016,Henderson,Donald Trump,republican,2155.0
2016,Henry,Hillary Clinton,democrat,8871.0
2016,Henry,Donald Trump,republican,13985.0
2016,Iroquois,Hillary Clinton,democrat,2504.0
2016,Iroquois,Donald Trump,republican,9750.0
2016,Jackson,Hillary Clinton,democrat,11634.0
2016,Jackson,Donald Trump,republican,10843.0
2016,Jasper,Hillary Clinton,democrat,924.0
2016,Jasper,Donald Trump,republican,3975.0
2016,Jefferson,Hillary Clinton,democrat,4425.0
2016,Jefferson,Donald Trump,republican,11695.0
2016,Jersey,Hillary Clinton,democrat,2679.0
2016,Jersey,Donald Trump,republican,7748.0
2016,Jo Daviess,Hillary Clinton,democrat,4462.0
2016,Jo Daviess,Donald Trump,republican,6121.0
2016,Johnson,Hillary Clinton,democrat,1142.0
2016,Johnson,Donald Trump,republican,4649.0
2016,Kane,Hillary Clinton,democrat,103665.0
2016,Kane,Donald Trump,republican,82734.0
2016,Kankakee,Hillary Clinton,democrat,18971.0
2016,Kankakee,Donald Trump,republican,25129.0
2016,Kendall,Hillary Clinton,democrat,24884.0
2016,Kendall,Donald Trump,republican,24961.0
2016,Knox,Hillary Clinton,democrat,10083.0
2016,Knox,Donald Trump,republican,10737.0
2016,Lake,Hillary Clinton,democrat,171095.0
2016,Lake,Donald Trump,republican,109767.0
2016,LaSalle,Hillary Clinton,democrat,19543.0
2016,LaSalle,Donald Trump,republican,26689.0
2016,Lawrence,Hillary Clinton,democrat,1290.0
2016,Lawrence,Donald Trump,republican,4521.0
2016,Lee,Hillary Clinton,democrat,5528.0
2016,Lee,Donald Trump,republican,8612.0
2016,Livingston,Hillary Clinton,democrat,4023.0
2016,Livingston,Donald Trump,republican,10208.0
2016,Logan,Hillary Clinton,democrat,3313.0
2016,Logan,Donald Trump,republican,8181.0
2016,McDonough,Hillary Clinton,democrat,5288.0
2016,McDonough,Donald Trump,republican,6795.0
2016,McHenry,Hillary Clinton,democrat,60803.0
2016,McHenry,Donald Trump,republican,71612.0
2016,McLean,Hillary Clinton,democrat,36196.0
2016,McLean,Donald Trump,republican,37237.0
2016,Macon,Hillary Clinton,democrat,18343.0
2016,Macon,Donald Trump,republican,26866.0
2016,Macoupin,Hillary Clinton,democrat,6689.0
2016,Macoupin,Donald Trump,republican,14322.0
2016,Madison,Hillary Clinton,democrat,50587.0
2016,Madison,Donald Trump,republican,70490.0
2016,Marion,Hillary Clinton,democrat,4369.0
2016,Marion,Donald Trump,republican,11859.0
2016,Marshall,Hillary Clinton,democrat,1789.0
2016,Marshall,Donald Trump,republican,3785.0
2016,Mason,Hillary Clinton,democrat,2014.0
2016,Mason,Donald Trump,republican,4058.0
2016,Massac,Hillary Clinton,democrat,1558.0
2016,Massac,Donald Trump,republican,4846.0
2016,Menard,Hillary Clinton,democrat,1817.0
2016,Menard,Donald Trump,republican,4231.0
2016,Mercer,Hillary Clinton,democrat,3071.0
2016,Mercer,Donald Trump,republican,4807.0
2016,Monroe,Hillary Clinton,democrat,5535.0
2016,Monroe,Donald Trump,republican,12629.0
2016,Montgomery,Hillary Clinton,democrat,3504.0
2016,Montgomery,Donald Trump,republican,8630.0
2016,Morgan,Hillary Clinton,democrat,4696.0
2016,Morgan,Donald Trump,republican,9076.0
2016,Moultrie,Hillary Clinton,democrat,1481.0
2016,Moultrie,Donald Trump,republican,4455.0
2016,Ogle,Hillary Clinton,democrat,8050.0
2016,Ogle,Donald Trump,republican,14352.0
2016,Peoria,Hillary Clinton,democrat,38060.0
2016,Peoria,Donald Trump,republican,35633.0
2016,Perry,Hillary Clinton,democrat,2462.0
2016,Perry,Donald Trump,republican,6855.0
2016,Piatt,Hillary Clinton,democrat,2645.0
2016,Piatt,Donald Trump,republican,5634.0
2016,Pike,Hillary Clinton,democrat,1413.0
2016,Pike,Donald Trump,republican,5754.0
2016,Pope,Hillary Clinton,democrat,375.0
2016,Pope,Donald Trump,republican,1678.0
2016,Pulaski,Hillary Clinton,democrat,962.0
2016,Pulaski,Donald Trump,republican,1675.0
2016,Putnam,Hillary Clinton,democrat,1147.0
2016,Putnam,Donald Trump,republican,1767.0
2016,Randolph,Hillary Clinton,democrat,3439.0
2016,Randolph,Donald Trump,republican,10023.0
2016,Richland,Hillary Clinton,democrat,1584.0
2016,Richland,Donald Trump,republican,5739.0
2016,Rock Island,Hillary Clinton,democrat,32298.0
2016,Rock Island,Donald Trump,republican,26998.0
2016,St. Clair,Hillary Clinton,democrat,60756.0
2016,St. Clair,Donald Trump,republican,53857.0
2016,Saline,Hillary Clinton,democrat,2572.0
2016,Saline,Donald Trump,republican,8276.0
2016,Sangamon,Hillary Clinton,democrat,40907.0
2016,Sangamon,Donald Trump,republican,49944.0
2016,Schuyler,Hillary Clinton,democrat,1075.0
2016,Schuyler,Donald Trump,republican,2524.0
2016,Scott,Hillary Clinton,democrat,535.0
2016,Scott,Donald Trump,republican,1966.0
2016,Shelby,Hillary Clinton,democrat,2288.0
2016,Shelby,Donald Trump,republican,8229.0
2016,Stark,Hillary Clinton,democrat,751.0
2016,Stark,Donald Trump,republican,1778.0
2016,Stephenson,Hillary Clinton,democrat,7768.0
2016,Stephenson,Donald Trump,republican,11083.0
2016,Tazewell,Hillary Clinton,democrat,20685.0
2016,Tazewell,Donald Trump,republican,38707.0
2016,Union,Hillary Clinton,democrat,2402.0
2016,Union,Donald Trump,republican,5790.0
2016,Vermilion,Hillary Clinton,democrat,10039.0
2016,Vermilion,Donald Trump,republican,19087.0
2016,Wabash,Hillary Clinton,democrat,1151.0
2016,Wabash,Donald Trump,republican,4047.0
2016,Warren,Hillary Clinton,democrat,2987.0
2016,Warren,Donald Trump,republican,4275.0
2016,Washington,Hillary Clinton,democrat,1448.0
2016,Washington,Donald Trump,republican,5571.0
2016,Wayne,Hillary Clinton,democrat,1048.0
2016,Wayne,Donald Trump,republican,6967.0
2016,White,Hillary Clinton,democrat,1412.0
2016,White,Donald Trump,republican,5640.0
2016,Whiteside,Hillary Clinton,democrat,11035.0
2016,Whiteside,Donald Trump,republican,12615.0
2016,Will,Hillary Clinton,democrat,151927.0
2016,Will,Donald Trump,republican,132720.0
2016,Williamson,Hillary Clinton,democrat,8581.0
2016,Williamson,Donald Trump,republican,21570.0
2016,Winnebago,Hillary Clinton,democrat,55713.0
2016,Winnebago,Donald Trump,republican,55624.0
2016,Woodford,Hillary Clinton,democrat,5092.0
2016,Woodford,Donald Trump,republican,13207.0
