tweet_id,date,candidate,party,user_name,user_location,text,sentiment,tokens,likes,latitude,longitude
tweet_id,date,candidate,party,user_name,user_location,text,sentiment,tokens,likes,latitude,longitude
1254519009959120896,2020-04-26 21:13:34,Sanders,Democrat,üßôüèº‚Äç‚ôÄÔ∏è,Chicago,Remember when Bernie sanders‚Äô cluttered chair was news,-0.5328207621702824,"['remember', 'cluttered', 'chair', 'news']",5,41.8373,-87.6862
1254505672856743936,2020-04-26 20:20:34,Sanders,Democrat,Put Yall Mask On And Pop Out,Chicago,larry david impressions of bernie sanders on saturday night live are great cuz they both look and talk alike,0.9999999786195788,"['larry', 'david', 'impressions', 'saturday', 'night', 'live', 'great', 'cuz', 'talk', 'alike']",4,41.8373,-87.6862
1254302279311687685,2020-04-26 06:52:21,Sanders,Democrat,Sandy Moreno,Chicago,Bernie Sanders: The Struggle Must Continue https://t.co/WT22gCSphY via @TeenVogue,-0.5876611630170517,"['struggle', 'continue']",1,41.8373,-87.6862
1253855230476931073,2020-04-25 01:15:57,Sanders,Democrat,Dan Leonard,Champaign,"‚Äúhey kid it‚Äôs bernie sanders, nice to meetcha, even if it‚Äôs ova da fone. I heard‚Äòja harass women.‚Äù

me: ‚Äúyes sir I‚Ä¶ https://t.co/0Ng2ckTLrA",0.9999999486649567,"['hey', 'kid', 'nice', 'meetcha', 'ova', 'fone', 'heard', 'ja', 'harass', 'women', 'sir']",1,40.1144,-88.2735
1253438692812881921,2020-04-23 21:40:46,Sanders,Democrat,Liz ‚ÄúWhipViper‚Äù Dulzo,Lombard,@SenSanders @JeffBezos üíØ Let‚Äôs hear it for Bernie ‚ÄúThe Burn‚Äù Sanders!!!,-0.9910183361751937,"['hear', 'burn']",1,41.8741,-88.0157
1252504052803555328,2020-04-21 07:46:51,Sanders,Democrat,changocubano,Chicago,@TheStormPatriot @rlwolff9 @mitchellreports Bernie Sanders praise Russia even when they were enemies of the USA üá∫üá∏‚Ä¶ https://t.co/p8kczuM1qU,0.9999999442048102,"['praise', 'russia', 'enemies', 'usa']",2,41.8373,-87.6862
1254463209857310721,2020-04-26 17:31:50,Biden,Democrat,changocubano,Chicago,@kc__kev @AdamInHTownTX @quidittyproquo @absinthol This thread is about Joe Biden sexual misconduct not Trump! Stop‚Ä¶ https://t.co/S7bkkHIMr7,-0.9999999997363201,"['kev', 'thread', 'sexual', 'misconduct']",0,41.8373,-87.6862
1254459223460777984,2020-04-26 17:16:00,Biden,Democrat,changocubano,Chicago,@kc__kev @AdamInHTownTX @quidittyproquo @absinthol It seems to me that you want to divert the attention from Joe Bi‚Ä¶ https://t.co/ymZHM2dCVk,-0.6446606550866532,"['kev', 'divert', 'attention']",0,41.8373,-87.6862
1254449944657891330,2020-04-26 16:39:08,Biden,Democrat,ü•Ä Doing It In Moderation ü•Ä,Chicago,They are throwing everything including the kitchen sink at Joe Biden to turn this into a battle of lesser evils. Bu‚Ä¶ https://t.co/ilzMgdI3Ou,-0.9999999920550119,"['throwing', 'including', 'kitchen', 'sink', 'turn', 'battle', 'lesser', 'evils']",1,41.8373,-87.6862
1254448276776124424,2020-04-26 16:32:30,Biden,Democrat,Lala11_7,Bolingbrook,"I‚Äôm attending Joe Biden for President‚Äôs event, ‚ÄúVirtual Town Hall with Kamala Harris and African-American Leaders‚Äù‚Ä¶ https://t.co/udjw6xvGAJ",0.999101541976962,"['attending', 'president', 'event', 'virtual', 'town', 'hall', 'kamala', 'harris', 'african', 'american', 'leaders']",22,41.6903,-88.1019
1254444139246166016,2020-04-26 16:16:03,Biden,Democrat,Stephanie Padilla,Champaign,"@FrankFooter2020 @thehill We don‚Äôt know what Joe Biden did or didn‚Äôt do, we know exactly what Trump SAID he was doi‚Ä¶ https://t.co/PKaIIsDoUE",-0.9994870641280198,['doi'],0,40.1144,-88.2735
1254363643120148480,2020-04-26 10:56:12,Biden,Democrat,changocubano,Chicago,@salokinsekwah1 @Punished_Volcel @StBridgetAthena @absinthol No! It is clear that was removed to aid Joe Biden campaign!,0.9762014166992585,"['volcel', 'clear', 'removed', 'aid', 'campaign']",0,41.8373,-87.6862
1254297773605879808,2020-04-26 06:34:27,Biden,Democrat,Stephanie Padilla,Champaign,@PalmerReport @Ralph42x Omg I love Biden but not for pres. how can we not get a credible candidate üò© we need someon‚Ä¶ https://t.co/kI9iIOlyCr,0.9994937724600497,"['omg', 'love', 'pres', 'credible', 'candidate', 'someon']",0,40.1144,-88.2735
1254141982479433728,2020-04-25 20:15:24,Biden,Democrat,ü¶∫üåπ ASHLEY üåπü¶∫BIDEN=TRUMP,Chicago,"@IamTheSquad616 @TeamJoe @JoeBiden Correction, they found 6 young people that are in desperate need of money bc of‚Ä¶ https://t.co/M2x05xxNfE",-0.9660973079629445,"['correction', '6', 'young', 'people', 'desperate', 'money']",1,41.8373,-87.6862
1254112521746866192,2020-04-25 18:18:20,Biden,Democrat,Dotun,Normal,Are we really doing this?! Really?! We already tried this with Trump! Look how that worked out. Joe Biden is not dr‚Ä¶ https://t.co/fNlrjwBhpX,0.994502755950595,['worked'],0,40.522,-88.9877
1254075171780034561,2020-04-25 15:49:55,Biden,Democrat,"Darren Schmidt, D.¬©.",Westmont,"@JoeBiden Joe Biden did not create this tweet.  Someone else, who is handy with the interwebs, did.",0.9999617701272738,"['create', 'tweet', 'handy', 'interwebs']",1,41.7948,-87.9742
1254042906660405250,2020-04-25 13:41:42,Biden,Democrat,Steve A. Melton Trump 2020 is a must,Normal,Joe Biden is a sound case of elder abuse by his family,-0.9999990872654915,"['sound', 'case', 'elder', 'abuse', 'family']",0,40.522,-88.9877
1254037886636371970,2020-04-25 13:21:45,Biden,Democrat,Ryan Denham,Normal,New evidence supporting credibility of Tara Reade‚Äôs allegation against Joe Biden emerges https://t.co/fGpKiWi3z0 by @ryangrim,-0.7947953586604553,"['evidence', 'supporting', 'credibility', 'tara', 'reade', 'allegation', 'emerges']",0,40.522,-88.9877
1253878966135463936,2020-04-25 02:50:16,Biden,Democrat,allie,Chicago,nominating joe biden for white boy of the month,-0.992568845987441,"['nominating', 'white', 'boy', 'month']",2,41.8373,-87.6862
1253844983083413504,2020-04-25 00:35:13,Biden,Democrat,Mr sdr,Belleville,@JuddApatow Yes Joe Biden is a liar and mentally ill,-0.9999998958824728,"['liar', 'mentally', 'ill']",0,38.5165,-89.99
1253838672971128841,2020-04-25 00:10:09,Biden,Democrat,ùíÇùíéùíäùíì,Chicago,someone tell rupaul we‚Äôre not voting for joe biden,-0.974771949681561,"['rupaul', 'voting']",7,41.8373,-87.6862
1253766751013101569,2020-04-24 19:24:21,Biden,Democrat,Paul Aguilera,Chicago,"@JoeBiden should come out of hiding and address this publicly, and be subjected to the same vetting as any other ca‚Ä¶ https://t.co/UyGRJWqVD0",-0.9999999999148379,"['hiding', 'address', 'publicly', 'subjected', 'vetting']",0,41.8373,-87.6862
1253684201481740288,2020-04-24 13:56:20,Biden,Democrat,Blood Klotz,Evanston,Tell me more how this fucking simpleton is on par with Joe Biden and you can‚Äôt vote for Joe. https://t.co/7BoHpj0i3A,-0.9997766302242436,"['fucking', 'simpleton', 'vote']",1,42.0463,-87.6942
1253558364698796032,2020-04-24 05:36:18,Biden,Democrat,Steven Spinello,Chicago,"Guess who‚Äôs advising Joe Biden on economic policy?

Mr. Larry Summers ü§¶üèª‚Äç‚ôÇÔ∏è",0.38490508733028417,"['guess', 'advising', 'economic', 'policy', 'larry', 'summers']",0,41.8373,-87.6862
1253550003441852416,2020-04-24 05:03:05,Biden,Democrat,üá∫üá∏duveüè≥Ô∏è‚Äçüåà,Chicago,"He keeps moving to the left-- even though he doesn't have to #JoinJoe. 
https://t.co/2cJlPAAOXW",-0.979941403536602,"['moving', 'left', 'joinjoe']",0,41.8373,-87.6862
1253532197442793472,2020-04-24 03:52:20,Biden,Democrat,Damnesiac,Urbana,Joe Biden:  He won't fire all the doctors and tell you to drink aquarium cleaner or shoot up bleach. https://t.co/x43CVyM49U,0.146403604801012,"['doctors', 'drink', 'aquarium', 'cleaner', 'shoot', 'bleach']",1,40.1106,-88.1972
1253449912383135751,2020-04-23 22:25:21,Biden,Democrat,ü¶∫üåπ ASHLEY üåπü¶∫BIDEN=TRUMP,Chicago,I didn't realize that sharing articles that expose  Joe Biden's racist behavior means I am racist. Am I also racist‚Ä¶ https://t.co/bV2fuAevUM,-1.0,"['realize', 'sharing', 'articles', 'expose', 'racist', 'behavior', 'racist', 'racist']",5,41.8373,-87.6862
1253371255950098435,2020-04-23 17:12:48,Biden,Democrat,Brent Ray Huiras,Mascoutah,@CHIZMAGA What's The Over Under On How Many More Years Joe Biden Is On The Planet. 1? üá∫üá∏,0.8902469743878212,"['years', 'planet', '1']",0,38.5191,-89.8045
1253318343811117057,2020-04-23 13:42:33,Biden,Democrat,The Hez,Lombard,@TwitterSafety joe Biden,0,[],0,41.8741,-88.0157
1253260721087041538,2020-04-23 09:53:35,Biden,Democrat,üïäÔ∏èRobert Adamsüíé,Bradley,Meghan McCain shows support for Joe Biden's presidential bid: 'Character is really important' https://t.co/AVyFDKTK9a via @Yahoo,0.9969220072182619,"['meghan', 'mccain', 'support', 'presidential', 'bid', 'character']",1,41.1643,-87.8451
1253201322750480385,2020-04-23 05:57:33,Biden,Democrat,ARLENE STERN,Evanston,"@axios @FrauDoktor11 RT THIS IMMEDIATELY 24/7 365 AND MAKE IT GO VIRAL NOW NOW NOW NOW NOW NOW! 
VOTE FOR JOE BIDEN!!!!",0.8424154254872636,"['24', '7', '365', 'viral', 'vote']",5,42.0463,-87.6942
1253195486296752128,2020-04-23 05:34:21,Biden,Democrat,ARLENE STERN,Evanston,@brianschatz VOTE FOR JOE BIDEN! HE ALREADY FEELS TERRIBLE ABOUT AMERICANS WHO ARE DYING!,-0.9999995176821187,"['vote', 'feels', 'terrible', 'americans', 'dying']",0,42.0463,-87.6942
1253171110520258560,2020-04-23 03:57:30,Biden,Democrat,ü¶∫üåπ ASHLEY üåπü¶∫BIDEN=TRUMP,Chicago,So I got this response after posting several articles which quote Joe Biden making racist insults directed towards‚Ä¶ https://t.co/ZpmLUDbgGA,-0.999999889183989,"['response', 'posting', 'articles', 'quote', 'making', 'racist', 'insults', 'directed']",1,41.8373,-87.6862
1253148445990363136,2020-04-23 02:27:26,Biden,Democrat,scott siepka,Gilberts,"@ewarren Why is Elizabeth Warren silent on the allegations against Joe Biden?

In September‚Äîshe was calling for Bre‚Ä¶ https://t.co/cf5u3tc8aU",-0.9999960533994754,"['elizabeth', 'warren', 'silent', 'allegations', 'september', 'calling', 'bre']",0,42.1096,-88.3716
1253130605233143812,2020-04-23 01:16:32,Biden,Democrat,scott siepka,Gilberts,"@ewarren @RevDrBarber Why is Elizabeth Warren silent on the allegations against Joe Biden?

In September‚Äîshe was ca‚Ä¶ https://t.co/dgdULzxAeA",-0.9999894099346402,"['elizabeth', 'warren', 'silent', 'allegations', 'september']",0,42.1096,-88.3716
1253130272675106818,2020-04-23 01:15:13,Biden,Democrat,scott siepka,Gilberts,"@ewarren Why is Elizabeth Warren silent on the allegations against Joe Biden?

In September‚Äîshe was calling for Bre‚Ä¶ https://t.co/Mzpye2zp92",-0.9999960533994754,"['elizabeth', 'warren', 'silent', 'allegations', 'september', 'calling', 'bre']",0,42.1096,-88.3716
1253118131393839107,2020-04-23 00:26:58,Biden,Democrat,ü¶∫üåπ ASHLEY üåπü¶∫BIDEN=TRUMP,Chicago,"@AleksanderWhyte @CanadianDev @RealSteveCox @DavidOAtkins Jk. I'd rather play ""7 minutes in heaven"" with Joe Biden then watch that garbage.",-0.47102374148933124,"['jk', 'play', '7', 'minutes', 'heaven', 'watch', 'garbage']",1,41.8373,-87.6862
1253106107205201920,2020-04-22 23:39:12,Biden,Democrat,PatsyP70,Joliet,"@LegParade @VoteBlueIn2020 @nypapajoe I know you‚Äôre chosen one, trump, thinks he‚Äôs a stable genius but really?    O‚Ä¶ https://t.co/WhFUxzpByr",0.9999999583524974,"['chosen', 'thinks', 'stable', 'genius']",1,41.5189,-88.1499
1253087157192986630,2020-04-22 22:23:54,Biden,Democrat,scott siepka,Gilberts,"@SenWarren @RepCasten Why is Elizabeth Warren silent on the allegations against Joe Biden?

In September‚Äîshe was ca‚Ä¶ https://t.co/eHtjxkR76D",-0.9999894099346402,"['elizabeth', 'warren', 'silent', 'allegations', 'september']",1,42.1096,-88.3716
1253075624891166728,2020-04-22 21:38:04,Biden,Democrat,Tarek Hijaz,Chicago,"@EdMarkey Get Joe Biden on board, please!",-0.18718836120794713,['board'],0,41.8373,-87.6862
1253013351027871745,2020-04-22 17:30:37,Biden,Democrat,scott siepka,Gilberts,"@LaurenUnderwood @ewarren @TeamWarren Why is Elizabeth Warren silent on the allegations against Joe Biden?

In Sept‚Ä¶ https://t.co/YyJkfvugFq",-0.9999974399601214,"['elizabeth', 'warren', 'silent', 'allegations', 'sept']",1,42.1096,-88.3716
1252966615345516544,2020-04-22 14:24:54,Biden,Democrat,Planet Caravan,Chicago,@jimh_2112 @theArrjee @DoctorHenryCT @WarriorZoltar The major difference (imo) is that Joe Biden is smart enough to‚Ä¶ https://t.co/H0fJF5gh2L,0.9999898316385201,"['2112', 'major', 'difference', 'imo', 'smart']",2,41.8373,-87.6862
1252803162819436544,2020-04-22 03:35:24,Biden,Democrat,Brandon Bernicky,Yorkville,@JoeBiden Joe Biden uses TweetDeck? https://t.co/XAAGIYGrtA,-0.021924798721957295,['tweetdeck'],0,41.6561,-88.4508
1252778057011789825,2020-04-22 01:55:38,Biden,Democrat,scott siepka,Gilberts,"@ewarren Why is Elizabeth Warren silent on the allegations against Joe Biden?

In September‚Äîshe was calling for Bre‚Ä¶ https://t.co/uAkjq976u4",-0.9999960533994754,"['elizabeth', 'warren', 'silent', 'allegations', 'september', 'calling', 'bre']",0,42.1096,-88.3716
1252697699104817153,2020-04-21 20:36:20,Biden,Democrat,Tom Feddor,Chicago,@realDonaldTrump Buck Stops Here | Joe Biden For President #Biden #Biden2020 https://t.co/ws5QZXYr6i via @YouTube,-0.9315605260190648,"['buck', 'stops', 'president', 'biden2020']",0,41.8373,-87.6862
1252404137729220610,2020-04-21 01:09:49,Biden,Democrat,Andrea ‚ú∂‚ú∂‚ú∂‚ú∂,Chicago,Fun(?) fact: Joe Biden would be the first President from the ‚ÄúSilent Generation.‚Äù We learned this at the end of a c‚Ä¶ https://t.co/PhxtqT7QRg,0.9999981662013204,"['fun', 'fact', 'president', 'silent', 'generation', 'learned']",1,41.8373,-87.6862
1252383821346963457,2020-04-20 23:49:05,Biden,Democrat,andres a. barrera,Chicago,@kaitlancollins @ddale8 Breaking News: ‚ÄúNY Governor Cuomo to open investigations into Joe Biden‚Äù. ü§£,-0.9988286663130712,"['breaking', 'news', 'governor', 'cuomo', 'open', 'investigations']",0,41.8373,-87.6862
1252290617582985221,2020-04-20 17:38:44,Biden,Democrat,Kristen P,Glenview,"I know it‚Äôs the tradition to call a candidate by their last title, but it sounds weird to keep referring to Joe Bid‚Ä¶ https://t.co/HAXbfTdWoj",-0.9067057614070516,"['tradition', 'candidate', 'title', 'sounds', 'weird', 'referring', 'bid']",1,42.0825,-87.8216
1252288018410549253,2020-04-20 17:28:24,Biden,Democrat,Eric M,Mahomet,"Oh oh @JoeNBC 

Biden
March 9th still holds a rally even though the outbreak has started spread in USA putting his‚Ä¶ https://t.co/sbv3Ht4Zww",-0.9999781228293548,"['march', '9th', 'holds', 'rally', 'outbreak', 'started', 'spread', 'usa', 'putting']",0,40.1885,-88.3903
1252258471166324741,2020-04-20 15:31:00,Biden,Democrat,changocubano,Chicago,@DeAnna4Congress @baileysuep Corn Pop was a bully who really screwed up Joe Biden for the rest of his life!,-0.9999996050312618,"['corn', 'pop', 'bully', 'screwed', 'rest', 'life']",0,41.8373,-87.6862
1252196614069944320,2020-04-20 11:25:12,Biden,Democrat,Mr sdr,Belleville,"Day 26 of Joe Biden‚Äôs accused sexual assault. Why is he not getting the Brett Kavanaugh Treatment?  Where‚Äôs the 
Na‚Ä¶ https://t.co/dHXJnyshev",-0.9999999999700163,"['day', '26', 'accused', 'sexual', 'assault', 'brett', 'kavanaugh', 'treatment']",0,38.5165,-89.99
1252142162902487040,2020-04-20 07:48:49,Biden,Democrat,evelyn brown rhymes,Chicago,@Alyssa_Milano How can you get this information to Joe Biden. I'm not good at retransmitting because I'm 65 years o‚Ä¶ https://t.co/yR8NH7Uwop,0.9999972409268809,"['milano', 'good', 'retransmitting', '65', 'years']",0,41.8373,-87.6862
1252113348419870721,2020-04-20 05:54:20,Biden,Democrat,evelyn brown rhymes,Chicago,"@ewarren I hope Joe Biden:
 Picks you,Ms. Warren,
As his running mate, you are very wise.",0.9999980079472439,"['hope', 'picks', 'warren', 'running', 'mate', 'wise']",0,41.8373,-87.6862
1252043275252490240,2020-04-20 01:15:53,Biden,Democrat,changocubano,Chicago,@JoeBiden Joe Biden only solution for America is to exacerbate racial division and conflicts among Americans of dif‚Ä¶ https://t.co/XCgtGGUPiV,-0.9999999876505478,"['solution', 'america', 'exacerbate', 'racial', 'division', 'conflicts', 'americans', 'dif']",0,41.8373,-87.6862
1251982018226814977,2020-04-19 21:12:28,Biden,Democrat,scott siepka,Gilberts,"@ewarren @JoyAnnReid @JoeBiden Why is Elizabeth Warren silent on the allegations against Joe Biden?

In September‚Äîs‚Ä¶ https://t.co/zLgd0HHyu3",-0.9999894099346402,"['elizabeth', 'warren', 'silent', 'allegations', 'september']",0,42.1096,-88.3716
1251956817032290306,2020-04-19 19:32:20,Biden,Democrat,Norris L Forde #KAG#TRUMP 20/20,Elgin,@StandUp4USA2 @2balcaine @csevaluation @SOMalle41824530 You sound a bit confused have you been hanging out with Joe Biden.,-0.9999999993606749,"['sound', 'bit', 'confused', 'hanging']",0,42.0385,-88.3229
1251953028904693761,2020-04-19 19:17:16,Biden,Democrat,GarmonBrozia Vapesüåπ,Chicago,Damn that racist Joe Biden ad and me watching Independence Day: we‚Äôd 100% not come together even with an alien inva‚Ä¶ https://t.co/BSJlE9SxxQ,-0.9997451339717934,"['damn', 'racist', 'watching', 'independence', 'day', '100', 'alien', 'inva']",1,41.8373,-87.6862
1251893510611009536,2020-04-19 15:20:46,Biden,Democrat,Barry Waller,Alton,"@LitThom @WayneToday @JohnCleese Basically you are describing Donald Trump , not so much Joe Biden.

and you're per‚Ä¶ https://t.co/6gjGuheGOF",-0.38896058549533585,"['basically', 'describing']",0,38.9033,-90.1523
1251883195781525508,2020-04-19 14:39:47,Biden,Democrat,"Kristen E. Broady, PhD",Chicago,"""Who will Joe Biden pick as his Joe Biden?"" - @JoyAnnReid
#amjoy",0.7915463203429411,"['pick', 'amjoy']",3,41.8373,-87.6862
1251857709135257602,2020-04-19 12:58:30,Biden,Democrat,Chris Lazare,Chicago,Wait Joe Biden is calling for Trump to act like a wartime President? Wtf is even happening.,-0.9999305534335401,"['wait', 'calling', 'wartime', 'president', 'wtf', 'happening']",0,41.8373,-87.6862
1251765755860975617,2020-04-19 06:53:07,Biden,Democrat,tamale hawk,Chicago,"I do think Joe Biden can beat Donald Trump, but the only reason, is because of how poor Trump handled the virus. No‚Ä¶ https://t.co/DyvZyNbKt4",-0.9999998604893943,"['beat', 'reason', 'poor', 'handled', 'virus']",6,41.8373,-87.6862
1254574570104852481,2020-04-27 00:54:21,Trump,Republican,ARLENE STERN,Evanston,@jim1036 @Sylvaners ALEX JONES IS A DIEHARD NAZI. WHO IS HELPING TO FORWARD HIS LEADER THE DICTATOR OF DEATH DONALD‚Ä¶ https://t.co/6JwJLr7u4H,-0.9698041119781609,"['alex', 'jones', 'diehard', 'nazi', 'helping', 'forward', 'leader', 'dictator', 'death']",0,42.0463,-87.6942
1254511024973197315,2020-04-26 20:41:50,Trump,Republican,Ifeanyi,Champaign,@AGWilliamBarr @realDonaldTrump Dr Donald Trump! Disinfectant Specialist!,0.9988911622479331,"['disinfectant', 'specialist']",3,40.1144,-88.2735
1254461915415351296,2020-04-26 17:26:42,Trump,Republican,Shreyas Sharma,Chicago,"When Trump says ""everyone can get a test,"" what he means is ""almost no one,"" explains Pitt's Fauci.‚Ä¶ https://t.co/yh0fCQJxGn",0.8817691251555491,"['test', 'explains', 'pitt', 'fauci']",0,41.8373,-87.6862
1254452967673036800,2020-04-26 16:51:08,Trump,Republican,KjKaidenKymora,Chicago,What in the Donald Trump is going on here https://t.co/DaX96OeUZu,0,[],0,41.8373,-87.6862
1254434998964367362,2020-04-26 15:39:44,Trump,Republican,CrookedCopwatch,Burnham,Donald Trump Horrific' Response to the Central Park Five Case | Opini... https://t.co/OQFhPi1hkn via @YouTube A all‚Ä¶ https://t.co/kr5Ewn2xD9,-0.9999662240840869,"['horrific', 'response', 'central', 'park', 'case', 'opini']",0,41.6376,-87.5447
1254270159876956160,2020-04-26 04:44:43,Trump,Republican,"Carl Davenport, Jr",Chicago,Debacle of Trump's coronavirus disinfectant comments could be tipping point https://t.co/K8dqtwqqgg,-0.9999999618839155,"['debacle', 'coronavirus', 'disinfectant', 'comments', 'tipping', 'point']",2,41.8373,-87.6862
1254254389117751296,2020-04-26 03:42:03,Trump,Republican,soaking wet seider,Cary,"If you went back to 2015 and told people that in 2020 Donald trump would be president, there‚Äôs would be a global pa‚Ä¶ https://t.co/YBABAbWkUu",0.9950057666294316,"['2015', 'told', 'people', '2020', 'president', 'global', 'pa']",1,42.2128,-88.2491
1254241828829831168,2020-04-26 02:52:09,Trump,Republican,‚Å∂ìÖì Diyante,Dolton,I can‚Äôt believe it is actual cases of people drinking bleach because of donald trump....,-0.9999944575300405,"['actual', 'cases', 'people', 'drinking', 'bleach']",1,41.6284,-87.5979
1254129965123219456,2020-04-25 19:27:38,Trump,Republican,Janet,Chicago,"@GOPLeader @realDonaldTrump That's why there's millions of Americans dying because of the Coronavirus
Where I'm sta‚Ä¶ https://t.co/GUNZgqd9pq",-0.9951940107488478,"['millions', 'americans', 'dying', 'coronavirus', 'sta']",0,41.8373,-87.6862
1254128964261609472,2020-04-25 19:23:40,Trump,Republican,Scott Stewart,Chicago,"A reminder that on September 11th, 2001 Donald Trump said that he now has the tallest building in NYC on national television.",0.7734353500850799,"['reminder', 'september', '11th', '2001', 'tallest', 'building', 'nyc', 'national', 'television']",7,41.8373,-87.6862
1254101741806780417,2020-04-25 17:35:29,Trump,Republican,For The People,Chicago,Donald Trump JR is a true powerhouse and a great person,0.9999999751812256,"['true', 'powerhouse', 'great', 'person']",0,41.8373,-87.6862
1254053247679168512,2020-04-25 14:22:48,Trump,Republican,iKnowClitFuGrip,Chicago,I‚Äôm done with Apocalypse Apprentice . Donald Trump is dating and trolling. I refuse to watch . Give us a weekly bri‚Ä¶ https://t.co/aVyhKQSDvh,-0.9999999778071539,"['apocalypse', 'apprentice', 'dating', 'trolling', 'refuse', 'watch', 'weekly', 'bri']",1,41.8373,-87.6862
1253986762126438400,2020-04-25 09:58:36,Trump,Republican,Femi Erinle,Chicago,"@XeniaB16 @maggieNYT Donald J. Trump MD

Patient: Doc I have Coronavirus 
Trump MD: Spray Lysol disinfectant in you‚Ä¶ https://t.co/ErAsyWDWSY",-0.31213621873525177,"['md', 'patient', 'doc', 'coronavirus', 'md', 'spray', 'lysol', 'disinfectant']",1,41.8373,-87.6862
1253978419379032065,2020-04-25 09:25:27,Trump,Republican,Rooster Runs the Voodoo Down for Miles (in Stereo),Chicago,"Understatement of the Year???

Arguably, Donald Trump has not been a great president. @TheTLS https://t.co/bEIFPPG6XQ",0.9999997252131123,"['understatement', 'year', 'arguably', 'great', 'president']",1,41.8373,-87.6862
1253898294704648193,2020-04-25 04:07:04,Trump,Republican,Marcia Proffitt,Chicago,Donald Trump just cut and ran https://t.co/AV3GjuPUZC via @PalmerReport,-0.9795117342819025,['cut'],0,41.8373,-87.6862
1253878189648199681,2020-04-25 02:47:10,Trump,Republican,Janet,Chicago,@RepAdamSchiff @yep_ImGay Whoever followed Donald Trump's advice about injecting or swallowing bleach Lysol Etc are‚Ä¶ https://t.co/6XdED59xx1,-0.9996127916593047,"['imgay', 'advice', 'injecting', 'swallowing', 'bleach', 'lysol']",0,41.8373,-87.6862
1253800453768450051,2020-04-24 21:38:17,Trump,Republican,Anjee Oliver,Chicago,"If it's good enough for Chuck E. Cheese, it's good enough for the Donald.  #trumpüí©  #wtfisgoingon #agentorange https://t.co/FdiemCaBoO",0.9999992048885806,"['good', 'chuck', 'cheese', 'good', 'wtfisgoingon', 'agentorange']",0,41.8373,-87.6862
1253744306197876737,2020-04-24 17:55:10,Trump,Republican,skol slaw,Chicago,@pnwillson Donald Trump suggested it :-),0.17078601376427383,['suggested'],0,41.8373,-87.6862
1253732377735704581,2020-04-24 17:07:46,Trump,Republican,n j dion,Deerfield,"@Lawrence Correct, she‚Äôs totally useless as a doctor and very useful to Donald J Trump by giving him cover.",-0.9999977115275469,"['correct', 'totally', 'useless', 'doctor', 'cover']",0,42.1654,-87.8516
1253729491110760450,2020-04-24 16:56:18,Trump,Republican,Jeffrey Lynn Niffen,Quincy,@HillaryClinton I usually make it a rule to NOT do what Donald Trump thinks might be a good idea. It‚Äôs worked out pretty well so far.,0.9999980352713023,"['rule', 'thinks', 'good', 'idea', 'worked', 'pretty']",0,39.9335,-91.3798
1253710628478484481,2020-04-24 15:41:21,Trump,Republican,TR,Skokie,"‚ÄúIt‚Äôs like drinking a spoonful of Drano - sure it will clean you out, but it will leave you hollow inside‚Äù - Donald Trump, probably",-0.9994549163642368,"['drinking', 'spoonful', 'drano', 'clean', 'leave', 'hollow', 'inside']",0,42.036,-87.74
1253710491664494592,2020-04-24 15:40:48,Trump,Republican,Anthony Kripas,Woodridge,"Trump and his 3,500 suits: Prosecutor and author reveals in interview his portrait of 'Plaintiff in Chief'‚Ä¶ https://t.co/BOswfK7yOs",0.9918722760400251,"['3', '500', 'suits', 'prosecutor', 'author', 'reveals', 'interview', 'portrait', 'plaintiff', 'chief']",0,41.7368,-88.0408
1253705667669606403,2020-04-24 15:21:38,Trump,Republican,Barry Waller,Alton,"@gtconway3d I bet Donald Trump has spent thousands of dollars on things he saw for dick enlargement.

And another fortune on fat pills",0.9889156787160165,"['bet', 'spent', 'thousands', 'dollars', 'things', 'dick', 'enlargement', 'fortune', 'fat', 'pills']",1,38.9033,-90.1523
1253691535755030529,2020-04-24 14:25:29,Trump,Republican,Bird Braaaaaiins üß†,Normal,Y‚Äôall I just saw a whole thread of people who say that Donald Trump never said anything about injecting disinfectan‚Ä¶ https://t.co/xyFUBMsjBk,-0.9997984626841739,"['thread', 'people', 'injecting', 'disinfectan']",11,40.522,-88.9877
1253680406106439682,2020-04-24 13:41:15,Trump,Republican,Barry Waller,Alton,@rgoodlaw @gtconway3d @K8brannen Basically Donald Trump is the late great Jim Backus character on Gilligan's island‚Ä¶ https://t.co/wankChciLT,-0.9080263194790483,"['basically', 'late', 'great', 'jim', 'backus', 'character', 'gilligan', 'island']",3,38.9033,-90.1523
1253672121915637765,2020-04-24 13:08:20,Trump,Republican,Eric Brown,Lisle,Republicans had the dumbest president G.W. Bush but we have new winnerA.K.A. Teflon Don. Mr. Donald Trump,-0.9999999936141207,"['republicans', 'dumbest', 'president', 'bush', 'winnera', 'teflon']",0,41.7922,-88.0883
1253670400090923011,2020-04-24 13:01:30,Trump,Republican,"Paul O. Phelps, MD, FACS",Chicago,Please don‚Äôt inject bleach or listen to any medical ideas of Trump. ü§¶üèº https://t.co/dGM4T2YKRb,0.9683806368409318,"['inject', 'bleach', 'listen', 'medical', 'ideas']",4,41.8373,-87.6862
1253650279158988806,2020-04-24 11:41:32,Trump,Republican,will,Chicago,@Alyssa_Milano Having Donald Trump as President is making America the laughing stock of the World !,0.9989273502843581,"['milano', 'president', 'making', 'america', 'laughing', 'stock']",0,41.8373,-87.6862
1253643069716652032,2020-04-24 11:12:54,Trump,Republican,Alex from Capacity to Geek,Lakemoor,The only thing that‚Äôs real about Donald Trump is how we are all in REAL trouble https://t.co/5zOxvwYgab,-0.9603725506718629,"['thing', 'real', 'real', 'trouble']",0,42.3396,-88.2028
1253549515417804800,2020-04-24 05:01:08,Trump,Republican,David Milligan,Chicago,Trump suggests 'injection' of disinfectant to beat coronavirus and 'clean' the lungs https://t.co/MyIOQfDOtJ via @nbcnews,-0.9921810675693746,"['suggests', 'injection', 'disinfectant', 'beat', 'coronavirus', 'clean', 'lungs']",0,41.8373,-87.6862
1253530920595992576,2020-04-24 03:47:15,Trump,Republican,Hex Hz,Chicago,"Donald Trump must be some sort of roach. He stared into an eclipse and then it go blind, he surrounded by all these‚Ä¶ https://t.co/HZloqtX9tt",-0.9999996025442404,"['sort', 'roach', 'stared', 'eclipse', 'blind', 'surrounded']",2,41.8373,-87.6862
1253527920016048129,2020-04-24 03:35:20,Trump,Republican,Jim'sJunkBox,Cary,@watchinthesky @CrawliesWithCri Might cure coronavirus. You don't know! -- Donald Trump,-0.9896087367809139,"['cure', 'coronavirus']",2,42.2128,-88.2491
1253510642486607872,2020-04-24 02:26:40,Trump,Republican,Morgan Harris,Chicago,"Donald Trump is absolutely an enemy of the people.

He is stealing PPE from the citizenry.

#COVID19 #TrumpVirus‚Ä¶ https://t.co/IuOPfsJZ3d",-0.9988564596691032,"['absolutely', 'enemy', 'people', 'stealing', 'ppe', 'citizenry', 'covid19', 'trumpvirus']",0,41.8373,-87.6862
1253492357351211008,2020-04-24 01:14:01,Trump,Republican,Joseph Pisula,Palatine,"@CraigSh8 @real_defender @realDonaldTrump Washington, Lincoln, Jefferson, Adams, teddy and theodore Roosevelt, john‚Ä¶ https://t.co/c5PWEcgcpr",0.9438100941971295,"['defender', 'washington', 'lincoln', 'jefferson', 'adams', 'teddy', 'theodore', 'roosevelt', 'john']",1,42.1181,-88.04299999999999
1253416418852220929,2020-04-23 20:12:16,Trump,Republican,ARLENE STERN,Evanston,@CatTassinari @GiGicmka THE DICTATOR OF DEATH DONALD TRUMP/HITLER WILL DEFINITELY TAKE 1ST PLACE AND OUTDISTANCE HI‚Ä¶ https://t.co/AlItKHuFjM,-0.9999851729494469,"['dictator', 'death', 'hitler', '1st', 'place', 'outdistance']",0,42.0463,-87.6942
1253394783839621129,2020-04-23 18:46:18,Trump,Republican,Jeremy K Jones,Chicago,@RepVernonJones @realDonaldTrump Why do you support Donald Trump?,0.9980293970893559,['support'],0,41.8373,-87.6862
1253340828505956352,2020-04-23 15:11:54,Trump,Republican,Sophie Babcock,Chicago,@OliviaLittle I mean wut. Donald Trump as president and Chris Martin as mayor is literally something we‚Äôd write in‚Ä¶ https://t.co/VBayZwYbEI,0.47705719801565794,"['wut', 'president', 'chris', 'martin', 'mayor', 'literally', 'write']",7,41.8373,-87.6862
1253334715517382662,2020-04-23 14:47:36,Trump,Republican,The Raheem Beauford,Champaign,Any similarities between Donald Trump and Ronald Regan?,0.25980673028375745,"['similarities', 'ronald', 'regan']",0,40.1144,-88.2735
1253322932157210626,2020-04-23 14:00:47,Trump,Republican,ARLENE STERN,Evanston,@Hope012015 @PrincessBravato @MSNBC DICTATOR OF DEATH DONALD TRUMP/HITLER WILL BECOME CONSIDERED THE WORLD'S WORST‚Ä¶ https://t.co/FQA6KuRpwe,-0.9999999999984436,"['dictator', 'death', 'hitler', 'considered', 'worst']",0,42.0463,-87.6942
1253207209540046850,2020-04-23 06:20:56,Trump,Republican,ARLENE STERN,Evanston,@SenSherrodBrown @ChasBeekeeper SENATOR DONALD TRUMP IS COMMITTING GENOCIDE ON THE PEOPLE OF THIS COUNTRY. WHAT HE'‚Ä¶ https://t.co/7fnp1HvEvY,-0.9975815819835891,"['senator', 'committing', 'genocide', 'people', 'country']",0,42.0463,-87.6942
1253182592217726976,2020-04-23 04:43:07,Trump,Republican,Robert Michael Brown,Mundelein,Donald Trump to save Americans money he spent their lives,0.9999964885387236,"['save', 'americans', 'money', 'spent', 'lives']",1,42.2692,-88.0101
1253162591083466752,2020-04-23 03:23:39,Trump,Republican,Planet Caravan,Chicago,"@WarriorZoltar @DoctorHenryCT @theArrjee Ok. I'll take out the word ""lifelong"". But when it comes to Donald Trump's‚Ä¶ https://t.co/SB28ZvxUQV",0.31789959963540504,"['word', 'lifelong']",1,41.8373,-87.6862
1253154647956652032,2020-04-23 02:52:05,Trump,Republican,Brent Ray Huiras,Mascoutah,@pvtjokerus Since Donald Trump Was Elected The Supreme Court Was Most On Democratic Minds. Period. üá∫üá∏,0.7065668635211919,"['elected', 'supreme', 'court', 'democratic', 'minds', 'period']",1,38.5191,-89.8045
1253096636072501250,2020-04-22 23:01:34,Trump,Republican,Leslie Jack,Elgin,How can anyone with a brain in their head believe a word that comes out Donald Trump's lying ass  mouth,-0.9999999999999009,"['brain', 'head', 'word', 'lying', 'ass', 'mouth']",2,42.0385,-88.3229
1253089742159257601,2020-04-22 22:34:10,Trump,Republican,Anthony Michael Kreis,Chicago,I did not have Donald Trump drags Governor Kemp on national television on my 2020 bingo card.,0.9995479417298909,"['drags', 'governor', 'kemp', 'national', 'television', '2020', 'bingo', 'card']",113,41.8373,-87.6862
1253089540610367488,2020-04-22 22:33:22,Trump,Republican,Anthony Michael Kreis,Chicago,"Wow. 

Donald Trump says he disagrees ‚Äústrongly‚Äù with Brian Kemp‚Äôs decision to open up barbershops, tattoo parlors, spas, etc.",-0.7677155464777167,"['wow', 'disagrees', 'brian', 'kemp', 'decision', 'open', 'barbershops', 'tattoo', 'parlors', 'spas']",57,41.8373,-87.6862
1253086895850033154,2020-04-22 22:22:51,Trump,Republican,ü•Ä Doing It In Moderation ü•Ä,Chicago,Donald Trump be straight lying to our faces.,-0.999999769980434,"['straight', 'lying', 'faces']",3,41.8373,-87.6862
1253028093566095360,2020-04-22 18:29:12,Trump,Republican,üïäÔ∏èRobert Adamsüíé,Kankakee,@MargaretEWelch2 @fx1468 @WhiteHouse Tell that to Donald J Trump,0,[],2,41.102,-87.8643
1252965446329884672,2020-04-22 14:20:16,Trump,Republican,Jermel A Taylor,Chicago,Donald Trump Tells Oprah in 1988 What He Would Do as President https://t.co/eSJ7sfVyx6 via @YouTube,0.9944975644458935,"['tells', 'oprah', '1988', 'president']",0,41.8373,-87.6862
1252956092851765248,2020-04-22 13:43:05,Trump,Republican,zuzu,Waukegan,If you‚Äôre a Donald trump supporter that‚Äôs enough for me to know that you‚Äôre stupid.,-0.9999568630197583,"['supporter', 'stupid']",5,42.3697,-87.8716
1252929105433108481,2020-04-22 11:55:51,Trump,Republican,kyle,Belvidere,Donald J Trump reply guy in real life,0.9625637588970926,"['reply', 'guy', 'real', 'life']",1,42.2544,-88.8649
1252803396542828544,2020-04-22 03:36:20,Trump,Republican,ARLENE STERN,Evanston,I DON'T GIVE A D-MN MN WHAT DICTATOR OF DEATH DONALD TRUMP/HITLER SAYS ABOUT OPENING THE COUNTRY UP! I'M GONNA KEEP‚Ä¶ https://t.co/MTf8xgQEZ1,-0.9999999899668021,"['dictator', 'death', 'hitler', 'opening', 'country', 'gonna']",0,42.0463,-87.6942
1252767059068452867,2020-04-22 01:11:56,Trump,Republican,Bobbi Ponder,Chicago,It‚Äôs been almost 4 years and I still can‚Äôt believe Donald Trump is our president.,0.9334481868533979,"['4', 'years', 'president']",0,41.8373,-87.6862
1252679244930519047,2020-04-21 19:23:00,Trump,Republican,Dave Young,Chicago,@GriffHoller @CBSNews Donald Trump has about as much to do with this as you or I do.,0,[],1,41.8373,-87.6862
1252631305109606400,2020-04-21 16:12:30,Trump,Republican,michael perry,Joliet,You talk about someone who is out of touch with reality it‚Äôs Trump our fearless and ignorant leader really Donald a‚Ä¶ https://t.co/NVaByICT36,-0.9801991662801364,"['talk', 'touch', 'reality', 'fearless', 'ignorant', 'leader']",0,41.5189,-88.1499
1252509878419181576,2020-04-21 08:10:00,Trump,Republican,ARLENE STERN,Evanston,"@unibroward4405 @MalcolmNance Could DICTATOR of DEATH DONALD TRUMP/HITLER be following soon after? I mean, think ev‚Ä¶ https://t.co/FXWM2qGy9S",-0.9999998413689019,"['dictator', 'death', 'hitler']",3,42.0463,-87.6942
1252508766026727424,2020-04-21 08:05:34,Trump,Republican,ARLENE STERN,Evanston,@steeletalk THIS MEMBER OF DICTATOR OF DEATH DONALD TRUMP/HITLER'S DEATH CULT. AS HE'S FOLLOWING HIS GENOCIDAL DIRE‚Ä¶ https://t.co/egT2KCqrNZ,-1.0,"['member', 'dictator', 'death', 'hitler', 'death', 'cult', 'genocidal', 'dire']",0,42.0463,-87.6942
1252454642698444801,2020-04-21 04:30:30,Trump,Republican,TAHA KHALID KHAN,Charleston,"Trump claims he will temporarily suspend immigration into US due to coronavirus fears

https://t.co/wLBvRrMena",-0.9999999999952932,"['claims', 'temporarily', 'suspend', 'immigration', 'coronavirus', 'fears']",0,39.4842,-88.1775
1252445356572508160,2020-04-21 03:53:36,Trump,Republican,Delano O'Banion,Chicago,"Let‚Äôs just skip all the Bull Sh$t!!
The Covid 19 protest need metal assistance. They‚Äôre followers of little donald‚Ä¶ https://t.co/8sNzGneMPN",-0.9999994532720361,"['skip', 'bull', 'sh', 'covid', '19', 'protest', 'metal', 'assistance', 'followers']",2,41.8373,-87.6862
1252408910138368011,2020-04-21 01:28:47,Trump,Republican,Jim Crowe,Springfield,@DonaldJTrumpJr Donald Trump Junior is a jerk a woman abuser in an animal killer do I have any respect for him I guess not,-0.9999995806047931,"['junior', 'jerk', 'woman', 'abuser', 'animal', 'killer', 'respect', 'guess']",0,39.771,-89.6537
1252402055450210307,2020-04-21 01:01:33,Trump,Republican,ARLENE STERN,Evanston,@AccountistLisa @realDonaldTrump @SpeakerPelosi @SecPompeo @Yamiche I DON'T EVEN WATCH DICTATOR OF DEATH DONALD TRU‚Ä¶ https://t.co/rPDRaS0aiU,-0.9999978642151404,"['watch', 'dictator', 'death', 'tru']",2,42.0463,-87.6942
1252400431688347651,2020-04-21 00:55:06,Trump,Republican,ARLENE STERN,Evanston,@acupoker @LaVerneWright13 @intelligencer NEXT DICTATOR OF DEATH DONALD TRUMP/HITLER IS GOING TO BLAME THE DEMOCRAT‚Ä¶ https://t.co/hAbnq1IfU4,-0.999999999999984,"['dictator', 'death', 'hitler', 'blame', 'democrat']",2,42.0463,-87.6942
1252399614692450311,2020-04-21 00:51:51,Trump,Republican,ARLENE STERN,Evanston,@mmpadellan NOOOO HE'S THE DICTATOR OF DEATH AND HIS NAME IS DONALD TRUMP/HITLER! AND HE'S A FACIST LEADER WHO'S GO‚Ä¶ https://t.co/6Zu3KcB8jo,-0.9999999999933092,"['noooo', 'dictator', 'death', 'hitler', 'facist', 'leader']",2,42.0463,-87.6942
1252367512584417280,2020-04-20 22:44:17,Trump,Republican,Planet Caravan,Chicago,"""The messaging from FoxNews and the messaging from Donald Trump himself is a giant obstacle in keeping people safe""‚Ä¶ https://t.co/sfjOJa19xx",0.9999999996814732,"['messaging', 'foxnews', 'messaging', 'giant', 'obstacle', 'keeping', 'people', 'safe']",1,41.8373,-87.6862
1252282836910067712,2020-04-20 17:07:49,Trump,Republican,Tyler Harford,Palatine,@NickisKCING he is the Donald Trump of sports media,0.9996668825957324,"['sports', 'media']",0,42.1181,-88.04299999999999
1252232866714382343,2020-04-20 13:49:15,Trump,Republican,Caramel7,Chicago,@MichaelRapaport Just a reminder Donald Trump is your president and will continue to be for the next four years!,0.9877761502246809,"['reminder', 'president', 'continue', 'years']",0,41.8373,-87.6862
1252045264526938117,2020-04-20 01:23:47,Trump,Republican,Anthony Michael Kreis,Chicago,Donald Trump‚Äôs governs in service of the patriarchy‚Äî and most men hyper-sensitive to their own masculinity are also‚Ä¶ https://t.co/ZVy8l8cJOu,0.9967522021930806,"['governs', 'service', 'patriarchy', 'men', 'hyper', 'sensitive', 'masculinity']",15,41.8373,-87.6862
1251979110399827969,2020-04-19 21:00:55,Trump,Republican,Mary Miller Lane,Waukegan,"@CNN It does not matter who's name is on the check we are not voting for Donald Trump'...so sign on,it's a wrap, you are out in November!",-0.998994439858119,"['matter', 'check', 'voting', 'sign', 'wrap', 'november']",0,42.3697,-87.8716
1251912184524873731,2020-04-19 16:34:58,Trump,Republican,üïäÔ∏èRobert Adamsüíé,Kankakee,@realDonaldTrump @fema Donald J Trump you are not king you're a loser....  Who's whatever has ran out words to say.‚Ä¶ https://t.co/Sa6JS6NLOo,-0.46985168955308376,"['king', 'loser']",0,41.102,-87.8643
1251893510611009536,2020-04-19 15:20:46,Trump,Republican,Barry Waller,Alton,"@LitThom @WayneToday @JohnCleese Basically you are describing Donald Trump , not so much Joe Biden.

and you're per‚Ä¶ https://t.co/6gjGuheGOF",-0.38896058549533585,"['basically', 'describing']",0,38.9033,-90.1523
1251852180371447809,2020-04-19 12:36:32,Trump,Republican,Mary A,Chicago,President¬†Donald Trump busted his boastful exaggeration record Saturday when he claimed he likely saved ‚Äúbillions‚Äù‚Ä¶ https://t.co/fdlXmbfcHz,-0.9999999995535042,"['president', 'busted', 'boastful', 'exaggeration', 'record', 'saturday', 'claimed', 'saved', 'billions']",0,41.8373,-87.6862
1251765755860975617,2020-04-19 06:53:07,Trump,Republican,tamale hawk,Chicago,"I do think Joe Biden can beat Donald Trump, but the only reason, is because of how poor Trump handled the virus. No‚Ä¶ https://t.co/DyvZyNbKt4",-0.9999998604893943,"['beat', 'reason', 'poor', 'handled', 'virus']",6,41.8373,-87.6862
